"Nome do projeto","OrbitGestão"
"Intervalo de datas","02/20/2026 00:00 - 05/20/2026 23:59"


"URL visitada começa com","https://orbitgestao.com.br/"

"Exibições de página","18104"
"Total de cliques","27144"

"Métrica","Click"

"Classificar","Botão","Cliques"," % de cliques"
"1","HTML>BODY:nth-of-type(1)>DIV:nth-of-type(2)>HEADER.header:nth-of-type(1)>DIV.container:nth-of-type(1)>DIV.nav-actions:nth-of-type(2)>A.btn.btn-outline:nth-of-type(1)","3884","14,31%"
"2","HTML>BODY:nth-of-type(1)>DIV:nth-of-type(2)>HEADER.header:nth-of-type(1)>DIV.container:nth-of-type(1)>UL.nav-menu:nth-of-type(1)>LI:nth-of-type(1)>DIV.dropdown.dropdown--lg:nth-of-type(1)>DIV.dropdown__links:nth-of-type(1)","578","2,13%"
"3","#home","285","1,05%"
"4","#home>DIV.container:nth-of-type(3)>DIV.hero-zoom__header:nth-of-type(1)>DIV.hero-zoom__ctas:nth-of-type(1)>A.btn.btn-ghost.btn-lg:nth-of-type(2)","268","0,99%"
"5","HTML>BODY:nth-of-type(1)>DIV:nth-of-type(2)>HEADER.header:nth-of-type(1)>DIV.container:nth-of-type(1)>DIV.nav-actions:nth-of-type(2)>A.btn.btn-primary:nth-of-type(2)","185","0,68%"
"6","HTML>BODY:nth-of-type(1)>DIV:nth-of-type(2)>HEADER.header:nth-of-type(1)>DIV.container:nth-of-type(1)>DIV.logo:nth-of-type(1)>A:nth-of-type(1)>IMG:nth-of-type(1)","163","0,60%"
"7","HTML>BODY:nth-of-type(1)>DIV:nth-of-type(2)","140","0,52%"
"8","HTML>BODY:nth-of-type(1)","134","0,49%"
"9","#home>DIV.container:nth-of-type(3)>DIV.hero-zoom__header:nth-of-type(1)>P.hero-zoom__subtitle:nth-of-type(1)","128","0,47%"
"10","#home>DIV.container:nth-of-type(3)>DIV.hero-zoom__header:nth-of-type(1)>H1.hero-zoom__title:nth-of-type(1)>SPAN:nth-of-type(1)","122","0,45%"
"11","#home>DIV.container:nth-of-type(3)>DIV.hero-zoom__header:nth-of-type(1)>DIV.hero-zoom__ctas:nth-of-type(1)>A.btn.btn-primary.btn-lg.hero-cta-glow:nth-of-type(1)","117","0,43%"
"12","#platformDock>BUTTON.dock-item:nth-of-type(1)>DIV.dock-icon:nth-of-type(1)","115","0,42%"
"13","#agentes>DIV:nth-of-type(3)>A.btn.btn-primary.btn-lg:nth-of-type(1)","111","0,41%"
"14","#custo>DIV.container:nth-of-type(1)>DIV.cost-grid:nth-of-type(2)>DIV.cost-card.cost-card--orbit:nth-of-type(3)>DIV.cost-cta:nth-of-type(9)>A.btn.btn-primary.btn-lg:nth-of-type(1)","97","0,36%"
"15","#solucoes>DIV.container:nth-of-type(1)>DIV:nth-of-type(2)>DIV:nth-of-type(1)","95","0,35%"
"16","#home>DIV.container:nth-of-type(3)","86","0,32%"
"17","HTML>BODY:nth-of-type(1)>DIV:nth-of-type(2)>HEADER.header:nth-of-type(1)>DIV.container:nth-of-type(1)>BUTTON.lang-switch:nth-of-type(1)>SPAN.lang-switch__label:nth-of-type(2)","84","0,31%"
"18","HTML>BODY:nth-of-type(1)>DIV:nth-of-type(2)>HEADER.header:nth-of-type(1)>DIV.container:nth-of-type(1)>UL.nav-menu:nth-of-type(1)>LI:nth-of-type(2)>DIV.dropdown.dropdown--sm:nth-of-type(1)>DIV.dropdown__links:nth-of-type(1)>A:nth-of-type(2)>DIV.dd-text:nth-of-type(2)>SPAN:nth-of-type(1)","83","0,31%"
"19","HTML>BODY:nth-of-type(1)>DIV:nth-of-type(2)>HEADER.header:nth-of-type(1)>DIV.container:nth-of-type(1)","80","0,29%"
"20","#solucoes>DIV.container:nth-of-type(1)>DIV:nth-of-type(2)>BUTTON:nth-of-type(2)","77","0,28%"
"21","#platformDock>BUTTON.dock-item:nth-of-type(4)>DIV.dock-icon:nth-of-type(1)","76","0,28%"
"22","HTML>BODY:nth-of-type(1)>DIV:nth-of-type(2)>HEADER.header:nth-of-type(1)>DIV.container:nth-of-type(1)>UL.nav-menu:nth-of-type(1)>LI:nth-of-type(1)>A:nth-of-type(1)>SPAN:nth-of-type(1)","76","0,28%"
"23","#platformDock>BUTTON.dock-item:nth-of-type(4)>DIV.dock-icon:nth-of-type(1)>I.fas.fa-graduation-cap:nth-of-type(1)","75","0,28%"
"24","#platformDock>BUTTON.dock-item:nth-of-type(3)>DIV.dock-icon:nth-of-type(1)","75","0,28%"
"25","HTML>BODY:nth-of-type(1)>DIV:nth-of-type(2)>HEADER.header:nth-of-type(1)>DIV.container:nth-of-type(1)>UL.nav-menu:nth-of-type(1)>LI:nth-of-type(2)>DIV.dropdown.dropdown--sm:nth-of-type(1)>DIV.dropdown__links:nth-of-type(1)>A:nth-of-type(1)>DIV.dd-text:nth-of-type(2)>SPAN:nth-of-type(1)","74","0,27%"
"26","HTML>BODY:nth-of-type(1)>DIV:nth-of-type(2)>HEADER.header:nth-of-type(1)>DIV.container:nth-of-type(1)>UL.nav-menu:nth-of-type(1)>LI:nth-of-type(2)>DIV.dropdown.dropdown--sm:nth-of-type(1)>DIV.dropdown__links:nth-of-type(1)>A:nth-of-type(2)>DIV.dd-text:nth-of-type(2)>SMALL:nth-of-type(1)","74","0,27%"
"27","#platformDock>BUTTON.dock-item:nth-of-type(5)>DIV.dock-icon:nth-of-type(1)","72","0,27%"
"28","#platformDock>BUTTON.dock-item:nth-of-type(8)>DIV.dock-icon:nth-of-type(1)","68","0,25%"
"29","HTML>BODY:nth-of-type(1)>DIV:nth-of-type(2)>HEADER.header:nth-of-type(1)>DIV.container:nth-of-type(1)>UL.nav-menu:nth-of-type(1)>LI:nth-of-type(2)>A:nth-of-type(1)>SPAN:nth-of-type(1)","67","0,25%"
"30","#platformDock>BUTTON.dock-item:nth-of-type(2)>DIV.dock-icon:nth-of-type(1)","67","0,25%"
"31","#platformDock>BUTTON.dock-item:nth-of-type(7)>DIV.dock-icon:nth-of-type(1)","66","0,24%"
"32","#custo>DIV.container:nth-of-type(1)>DIV.cost-grid:nth-of-type(2)>DIV.cost-card.cost-card--manual:nth-of-type(1)","62","0,23%"
"33","#home>DIV.container:nth-of-type(3)>DIV.hero-zoom__header:nth-of-type(1)","61","0,22%"
"34","#solucoes>DIV.container:nth-of-type(1)>DIV:nth-of-type(2)>BUTTON:nth-of-type(1)","56","0,21%"
"35","HTML>BODY:nth-of-type(1)>DIV:nth-of-type(2)>HEADER.header:nth-of-type(1)>DIV.container:nth-of-type(1)>BUTTON.lang-switch:nth-of-type(1)","56","0,21%"
"36","#platformDock>BUTTON.dock-item:nth-of-type(9)>DIV.dock-icon:nth-of-type(1)","56","0,21%"
"37","#platformDock>BUTTON.dock-item:nth-of-type(10)>DIV.dock-icon:nth-of-type(1)","56","0,21%"
"38","#platformDock>BUTTON.dock-item:nth-of-type(6)>DIV.dock-icon:nth-of-type(1)","55","0,20%"
"39","#platformDock>BUTTON.dock-item:nth-of-type(11)>DIV.dock-icon:nth-of-type(1)>I.fas.fa-handshake:nth-of-type(1)","46","0,17%"
"40","#platformDock>BUTTON.dock-item:nth-of-type(12)>DIV.dock-icon:nth-of-type(1)","45","0,17%"
"41","#home>DIV.container:nth-of-type(3)>DIV.hero-zoom__header:nth-of-type(1)>SPAN.hero-zoom__badge:nth-of-type(1)","45","0,17%"
"42","HTML>BODY:nth-of-type(1)>DIV:nth-of-type(2)>HEADER.header:nth-of-type(1)>DIV.container:nth-of-type(1)>UL.nav-menu:nth-of-type(1)>LI:nth-of-type(2)>DIV.dropdown.dropdown--sm:nth-of-type(1)>DIV.dropdown__links:nth-of-type(1)>A:nth-of-type(1)>DIV.dd-text:nth-of-type(2)>SMALL:nth-of-type(1)","45","0,17%"
"43","#home>DIV.container:nth-of-type(3)>DIV.hero-zoom__header:nth-of-type(1)>H1.hero-zoom__title:nth-of-type(1)","42","0,15%"
"44","HTML>BODY:nth-of-type(1)>DIV:nth-of-type(2)>HEADER.header:nth-of-type(1)>DIV.container:nth-of-type(1)>BUTTON.lang-switch:nth-of-type(1)>SPAN.lang-switch__flag:nth-of-type(1)","42","0,15%"
"45","#platformDock>BUTTON.dock-item:nth-of-type(2)>DIV.dock-icon:nth-of-type(1)>I.fas.fa-sitemap:nth-of-type(1)","41","0,15%"
"46","#platformDock>BUTTON.dock-item:nth-of-type(3)>DIV.dock-icon:nth-of-type(1)>I.fas.fa-users:nth-of-type(1)","41","0,15%"
"47","HTML>BODY:nth-of-type(1)>DIV:nth-of-type(2)>HEADER.header:nth-of-type(1)>DIV.container:nth-of-type(1)>BUTTON.menu-toggle:nth-of-type(2)","40","0,15%"
"48","#platformDock>BUTTON.dock-item:nth-of-type(11)>DIV.dock-icon:nth-of-type(1)","40","0,15%"
"49","#platformDock>BUTTON.dock-item:nth-of-type(6)>DIV.dock-icon:nth-of-type(1)>I.fas.fa-magnifying-glass-chart:nth-of-type(1)","36","0,13%"
"50","#solucoes>DIV.container:nth-of-type(1)>DIV:nth-of-type(2)>BUTTON:nth-of-type(2)>I.fas.fa-chevron-right:nth-of-type(1)","36","0,13%"
"51","#platformDock>BUTTON.dock-item:nth-of-type(1)>DIV.dock-icon:nth-of-type(1)>I.fas.fa-chess-king:nth-of-type(1)","36","0,13%"
"52","#solucoes>DIV.container:nth-of-type(1)>DIV:nth-of-type(2)>BUTTON:nth-of-type(1)>I.fas.fa-chevron-left:nth-of-type(1)","35","0,13%"
"53","HTML>BODY:nth-of-type(1)>DIV:nth-of-type(2)>HEADER.header:nth-of-type(1)>DIV.container:nth-of-type(1)>UL.nav-menu:nth-of-type(1)>LI:nth-of-type(3)>A:nth-of-type(1)>SPAN:nth-of-type(1)","34","0,13%"
"54","HTML>BODY:nth-of-type(1)>DIV:nth-of-type(2)>DIV.mobile-menu:nth-of-type(2)>DIV.mobile-menu__footer:nth-of-type(3)>A.btn.btn-outline:nth-of-type(1)","34","0,13%"
"55","HTML>BODY:nth-of-type(1)>DIV:nth-of-type(2)>FOOTER.footer:nth-of-type(1)>DIV.container:nth-of-type(1)>DIV.footer-grid:nth-of-type(1)>DIV.footer-column:nth-of-type(2)>UL.footer-contact:nth-of-type(1)>LI:nth-of-type(2)","34","0,13%"
"56","#olivia","34","0,13%"
"57","#platformDock","34","0,13%"
"58","#pricingSwitch","32","0,12%"
"59","#platformDock>BUTTON.dock-item:nth-of-type(12)>DIV.dock-icon:nth-of-type(1)>I.fas.fa-video:nth-of-type(1)","32","0,12%"
"60","#agentes","31","0,11%"
"61","HTML","31","0,11%"
"62","#plataforma","30","0,11%"
"63","#platformDock>BUTTON.dock-item:nth-of-type(5)>DIV.dock-icon:nth-of-type(1)>I.fas.fa-chart-line:nth-of-type(1)","29","0,11%"
"64","#platformDock>BUTTON.dock-item:nth-of-type(9)>DIV.dock-icon:nth-of-type(1)>I.fas.fa-triangle-exclamation:nth-of-type(1)","29","0,11%"
"65","#platformDock>BUTTON.dock-item:nth-of-type(7)>DIV.dock-icon:nth-of-type(1)>I.fas.fa-shield-halved:nth-of-type(1)","29","0,11%"
"66","#custo>DIV.container:nth-of-type(1)>DIV.cost-grid:nth-of-type(2)>DIV.cost-card.cost-card--orbit:nth-of-type(3)","26","0,10%"
"67","#home>DIV.container:nth-of-type(3)>DIV.hero-zoom__header:nth-of-type(1)>DIV.hero-zoom__ctas:nth-of-type(1)>A.btn.btn-ghost.btn-lg:nth-of-type(2)>I.fas.fa-arrow-down:nth-of-type(1)","25","0,09%"
"68","#reframe>DIV.container:nth-of-type(1)>DIV.reframe-journey:nth-of-type(2)>DIV.reframe-phase.reframe-phase--win:nth-of-type(3)>DIV.reframe-phase__steps.reframe-orbit-steps:nth-of-type(2)>DIV.reframe-orbit-card:nth-of-type(1)>DIV.reframe-orbit-card__text:nth-of-type(1)>H4:nth-of-type(1)","25","0,09%"
"69","#email","25","0,09%"
"70","#custo>DIV.container:nth-of-type(1)>DIV.cost-grid:nth-of-type(2)>DIV.cost-card.cost-card--orbit:nth-of-type(3)>DIV.cost-total:nth-of-type(7)>SPAN.cost-total__value:nth-of-type(2)","24","0,09%"
"71","HTML>BODY:nth-of-type(1)>DIV:nth-of-type(2)>HEADER.header:nth-of-type(1)>DIV.container:nth-of-type(1)>UL.nav-menu:nth-of-type(1)>LI:nth-of-type(3)>DIV.dropdown.dropdown--sm:nth-of-type(1)>DIV.dropdown__links:nth-of-type(1)>A:nth-of-type(2)>DIV.dd-text:nth-of-type(2)>SMALL:nth-of-type(1)","23","0,08%"
"72","#platformDock>BUTTON.dock-item:nth-of-type(10)>DIV.dock-icon:nth-of-type(1)>I.fas.fa-file-lines:nth-of-type(1)","23","0,08%"
"73","HTML>BODY:nth-of-type(1)>DIV:nth-of-type(2)>HEADER.header:nth-of-type(1)>DIV.container:nth-of-type(1)>UL.nav-menu:nth-of-type(1)>LI:nth-of-type(4)>A:nth-of-type(1)","22","0,08%"
"74","HTML>BODY:nth-of-type(1)>DIV:nth-of-type(2)>HEADER.header:nth-of-type(1)>DIV.container:nth-of-type(1)>UL.nav-menu:nth-of-type(1)>LI:nth-of-type(3)>DIV.dropdown.dropdown--sm:nth-of-type(1)>DIV.dropdown__links:nth-of-type(1)>A:nth-of-type(1)>DIV.dd-text:nth-of-type(2)>SPAN:nth-of-type(1)","22","0,08%"
"75","#cargo","22","0,08%"
"76","#solucoes>DIV.container:nth-of-type(1)>DIV:nth-of-type(2)>DIV:nth-of-type(1)>DIV:nth-of-type(2)>A:nth-of-type(1)>DIV:nth-of-type(1)>SPAN:nth-of-type(1)","21","0,08%"
"77","#olivia>DIV.container:nth-of-type(1)>DIV.olivia-intro:nth-of-type(1)>DIV:nth-of-type(1)>P:nth-of-type(1)","21","0,08%"
"78","#segmento","20","0,07%"
"79","HTML>BODY:nth-of-type(1)>DIV:nth-of-type(2)>HEADER.header:nth-of-type(1)>DIV.container:nth-of-type(1)>UL.nav-menu:nth-of-type(1)>LI:nth-of-type(3)>DIV.dropdown.dropdown--sm:nth-of-type(1)>DIV.dropdown__links:nth-of-type(1)>A:nth-of-type(1)>DIV.dd-text:nth-of-type(2)>SMALL:nth-of-type(1)","20","0,07%"
"80","HTML>BODY:nth-of-type(1)>DIV:nth-of-type(2)>FOOTER.footer:nth-of-type(1)>DIV.container:nth-of-type(1)>DIV.footer-grid:nth-of-type(1)>DIV.footer-column:nth-of-type(3)>UL:nth-of-type(1)>LI:nth-of-type(2)>A:nth-of-type(1)","20","0,07%"
"81","#home>DIV.container:nth-of-type(3)>DIV.hero-zoom__header:nth-of-type(1)>H1.hero-zoom__title:nth-of-type(1)>SPAN.hero-zoom__title-highlight:nth-of-type(3)","19","0,07%"
"82","HTML>BODY:nth-of-type(1)>DIV:nth-of-type(2)>HEADER.header:nth-of-type(1)>DIV.container:nth-of-type(1)>DIV.nav-actions:nth-of-type(2)","19","0,07%"
"83","#nome","19","0,07%"
"84","HTML>BODY:nth-of-type(1)>DIV:nth-of-type(2)>HEADER.header:nth-of-type(1)>DIV.container:nth-of-type(1)>UL.nav-menu:nth-of-type(1)>LI:nth-of-type(2)>A:nth-of-type(1)","18","0,07%"
"85","HTML>BODY:nth-of-type(1)>DIV:nth-of-type(2)>SECTION.mkt-section:nth-of-type(4)>DIV.container:nth-of-type(2)>DIV.mkt-header:nth-of-type(1)>H2:nth-of-type(1)","18","0,07%"
"86","#reframe>DIV.container:nth-of-type(1)>DIV.section-header:nth-of-type(1)>P:nth-of-type(1)","18","0,07%"
"87","#funcionarios","18","0,07%"
"88","#faturamento","18","0,07%"
"89","#reframe>DIV.container:nth-of-type(1)","18","0,07%"
"90","HTML>BODY:nth-of-type(1)>DIV:nth-of-type(2)>SECTION.faq-section.section--light:nth-of-type(15)>DIV.container:nth-of-type(1)>DIV.faq-list:nth-of-type(2)>DETAILS.faq-item:nth-of-type(4)>SUMMARY:nth-of-type(1)","17","0,06%"
"91","HTML>BODY:nth-of-type(1)>DIV:nth-of-type(2)>HEADER.header:nth-of-type(1)>DIV.container:nth-of-type(1)>UL.nav-menu:nth-of-type(1)>LI:nth-of-type(1)>A:nth-of-type(1)>I.fas.fa-chevron-down.dropdown-arrow:nth-of-type(1)","17","0,06%"
"92","HTML>BODY:nth-of-type(1)>DIV:nth-of-type(2)>SECTION.faq-section.section--light:nth-of-type(15)>DIV.container:nth-of-type(1)>DIV.faq-list:nth-of-type(2)>DETAILS.faq-item:nth-of-type(5)>SUMMARY:nth-of-type(1)","17","0,06%"
"93","#conhecimento","17","0,06%"
"94","#solucoes>DIV.container:nth-of-type(1)>DIV:nth-of-type(2)","17","0,06%"
"95","HTML>BODY:nth-of-type(1)>DIV:nth-of-type(2)>SECTION.faq-section.section--light:nth-of-type(15)>DIV.container:nth-of-type(1)>DIV.faq-list:nth-of-type(2)>DETAILS.faq-item:nth-of-type(3)>SUMMARY:nth-of-type(1)","16","0,06%"
"96","#prioridade","16","0,06%"
"97","HTML>BODY:nth-of-type(1)>DIV:nth-of-type(2)>SECTION.faq-section.section--light:nth-of-type(15)>DIV.container:nth-of-type(1)>DIV.faq-list:nth-of-type(2)>DETAILS.faq-item:nth-of-type(1)>SUMMARY:nth-of-type(1)","16","0,06%"
"98","HTML>BODY:nth-of-type(1)>DIV:nth-of-type(2)>SECTION.faq-section.section--light:nth-of-type(15)>DIV.container:nth-of-type(1)>DIV.faq-list:nth-of-type(2)>DETAILS.faq-item:nth-of-type(2)>SUMMARY:nth-of-type(1)","15","0,06%"
"99","HTML>BODY:nth-of-type(1)>DIV:nth-of-type(2)>FOOTER.footer:nth-of-type(1)","15","0,06%"
"100","#para-quem","15","0,06%"
"101","HTML>BODY:nth-of-type(1)>DIV:nth-of-type(2)>HEADER.header:nth-of-type(1)>DIV.container:nth-of-type(1)>UL.nav-menu:nth-of-type(1)>LI:nth-of-type(3)>DIV.dropdown.dropdown--sm:nth-of-type(1)>DIV.dropdown__links:nth-of-type(1)>A:nth-of-type(2)>DIV.dd-text:nth-of-type(2)>SPAN:nth-of-type(1)","15","0,06%"
"102","#plataforma>DIV.container:nth-of-type(1)>DIV.platform-panels:nth-of-type(3)","14","0,05%"
"103","#pricingSwitch>SPAN:nth-of-type(1)","14","0,05%"
"104","HTML>BODY:nth-of-type(1)>DIV:nth-of-type(2)>FOOTER.footer:nth-of-type(1)>DIV.container:nth-of-type(1)>DIV.footer-grid:nth-of-type(1)>DIV.footer-column:nth-of-type(3)>UL:nth-of-type(1)>LI:nth-of-type(1)>A:nth-of-type(1)","14","0,05%"
"105","HTML>BODY:nth-of-type(1)>DIV:nth-of-type(2)>HEADER.header:nth-of-type(1)>DIV.container:nth-of-type(1)>UL.nav-menu:nth-of-type(1)>LI:nth-of-type(3)>A:nth-of-type(1)>I.fas.fa-chevron-down.dropdown-arrow:nth-of-type(1)","14","0,05%"
"106","#custo>DIV.container:nth-of-type(1)>DIV.cost-header:nth-of-type(1)>H2:nth-of-type(1)","14","0,05%"
"107","#planos-preview>DIV.container:nth-of-type(2)","13","0,05%"
"108","#custo>DIV.container:nth-of-type(1)>DIV.cost-grid:nth-of-type(2)>DIV.cost-card.cost-card--manual:nth-of-type(1)>DIV.cost-item:nth-of-type(4)","13","0,05%"
"109","#dores>DIV.container:nth-of-type(2)>DIV.section-header:nth-of-type(1)>P:nth-of-type(1)","13","0,05%"
"110","#reframe","13","0,05%"
"111","#dores>DIV.container:nth-of-type(2)>DIV:nth-of-type(4)>A.btn.btn-primary.btn-lg:nth-of-type(1)","13","0,05%"
"112","#custo","13","0,05%"
"113","#plataforma>DIV.container:nth-of-type(1)","13","0,05%"
"114","HTML>BODY:nth-of-type(1)>DIV:nth-of-type(2)>HEADER.header:nth-of-type(1)>DIV.container:nth-of-type(1)>UL.nav-menu:nth-of-type(1)>LI:nth-of-type(3)>DIV.dropdown.dropdown--sm:nth-of-type(1)>DIV.dropdown__links:nth-of-type(1)>A:nth-of-type(1)","12","0,04%"
"115","#agentes>DIV:nth-of-type(3)>P:nth-of-type(1)","12","0,04%"
"116","#custo>DIV.container:nth-of-type(1)>DIV.cost-grid.revealed:nth-of-type(2)","12","0,04%"
"117","HTML>BODY:nth-of-type(1)>DIV:nth-of-type(2)>HEADER.header:nth-of-type(1)>DIV.container:nth-of-type(1)>UL.nav-menu:nth-of-type(1)>LI:nth-of-type(1)>A:nth-of-type(1)","12","0,04%"
"118","#orbitHub","12","0,04%"
"119","#solucoes>DIV.container:nth-of-type(1)>DIV:nth-of-type(2)>DIV:nth-of-type(1)>DIV:nth-of-type(8)>A:nth-of-type(1)>DIV:nth-of-type(1)>SPAN:nth-of-type(1)","12","0,04%"
"120","HTML>BODY:nth-of-type(1)>DIV:nth-of-type(2)>HEADER.header:nth-of-type(1)>DIV.container:nth-of-type(1)>UL.nav-menu:nth-of-type(1)>LI:nth-of-type(3)>A:nth-of-type(1)","12","0,04%"
"121","#para-quem>DIV.container:nth-of-type(1)>DIV.pq-grid:nth-of-type(2)>A.pq-card:nth-of-type(1)>DIV.pq-card__content:nth-of-type(1)","11","0,04%"
"122","HTML>BODY:nth-of-type(1)>DIV:nth-of-type(2)>HEADER.header:nth-of-type(1)>DIV.container:nth-of-type(1)>UL.nav-menu:nth-of-type(1)>LI:nth-of-type(2)>A:nth-of-type(1)>I.fas.fa-chevron-down.dropdown-arrow:nth-of-type(1)","11","0,04%"
"123","#home>DIV.container:nth-of-type(3)>DIV.hero-zoom__header:nth-of-type(1)>DIV.hero-zoom__credentials:nth-of-type(2)>DIV.hero-zoom__credential:nth-of-type(3)>STRONG:nth-of-type(1)","11","0,04%"
"124","#olivia>DIV.container:nth-of-type(1)","11","0,04%"
"125","#solucoes","11","0,04%"
"126","#platformDock>BUTTON.dock-item:nth-of-type(8)>DIV.dock-icon:nth-of-type(1)>I.fas.fa-lightbulb:nth-of-type(1)","11","0,04%"
"127","HTML>BODY:nth-of-type(1)>DIV:nth-of-type(2)>DIV.mobile-menu-overlay:nth-of-type(1)","11","0,04%"
"128","#planos-preview>DIV.container:nth-of-type(2)>DIV:nth-of-type(3)>DIV:nth-of-type(1)>A:nth-of-type(1)","11","0,04%"
"129","#home>DIV.container:nth-of-type(3)>DIV.hero-zoom__header:nth-of-type(1)>H1.hero-zoom__title:nth-of-type(1)>SPAN:nth-of-type(2)","11","0,04%"
"130","#custo>DIV.container:nth-of-type(1)>DIV.cost-grid:nth-of-type(2)>DIV.cost-card.cost-card--manual:nth-of-type(1)>DIV.cost-total:nth-of-type(14)>SPAN.cost-total__value:nth-of-type(2)","10","0,04%"
"131","#conhecimento>DIV.container:nth-of-type(1)>DIV:nth-of-type(3)>A.btn.btn-dark.btn-lg:nth-of-type(1)","10","0,04%"
"132","#como-funciona>DIV.container:nth-of-type(1)","10","0,04%"
"133","#hiwCinema>DIV.hiw-cinema__step:nth-of-type(4)>DIV.hiw-cinema__card:nth-of-type(2)>DIV.hiw-cinema__text:nth-of-type(1)>P:nth-of-type(1)","10","0,04%"
"134","#reframe>DIV.container:nth-of-type(1)>DIV.reframe-journey:nth-of-type(2)>DIV.reframe-phase.reframe-phase--win:nth-of-type(3)>DIV.reframe-phase__steps.reframe-orbit-steps:nth-of-type(2)>DIV.reframe-orbit-card:nth-of-type(1)","10","0,04%"
"135","#reframe>DIV.container:nth-of-type(1)>DIV.reframe-journey:nth-of-type(2)>DIV.reframe-phase.reframe-phase--win:nth-of-type(3)>DIV.reframe-phase__steps.reframe-orbit-steps:nth-of-type(2)>DIV.reframe-orbit-card:nth-of-type(1)>DIV.reframe-orbit-card__text:nth-of-type(1)>P:nth-of-type(1)","10","0,04%"
"136","#custo>DIV.container:nth-of-type(1)>DIV.cost-grid:nth-of-type(2)>DIV.cost-vs:nth-of-type(2)>DIV.cost-vs__circle:nth-of-type(1)","10","0,04%"
"137","#orbitHub>DIV.orbit-hub__node:nth-of-type(6)>DIV.orbit-hub__node-icon:nth-of-type(1)>I.fas.fa-chart-column:nth-of-type(1)","10","0,04%"
"138","#reframe>DIV.container:nth-of-type(1)>DIV.section-header.revealed:nth-of-type(1)","10","0,04%"
"139","HTML>BODY:nth-of-type(1)>DIV:nth-of-type(2)>FOOTER.footer:nth-of-type(1)>DIV.container:nth-of-type(1)>DIV.footer-grid:nth-of-type(1)>DIV.footer-column:nth-of-type(2)","9","0,03%"
"140","HTML>BODY:nth-of-type(1)>DIV:nth-of-type(2)>HEADER.header:nth-of-type(1)>DIV.container:nth-of-type(1)>UL.nav-menu:nth-of-type(1)>LI:nth-of-type(4)>A:nth-of-type(1)>SPAN:nth-of-type(1)","9","0,03%"
"141","HTML>BODY:nth-of-type(1)>DIV:nth-of-type(2)>FOOTER.footer:nth-of-type(1)>DIV.container:nth-of-type(1)","9","0,03%"
"142","#solucoes>DIV.container:nth-of-type(1)>DIV:nth-of-type(2)>DIV:nth-of-type(1)>DIV:nth-of-type(1)>A:nth-of-type(1)>DIV:nth-of-type(1)>SPAN:nth-of-type(1)","9","0,03%"
"143","HTML>BODY:nth-of-type(1)>DIV:nth-of-type(2)>HEADER.header:nth-of-type(1)>DIV.container:nth-of-type(1)>BUTTON.menu-toggle:nth-of-type(2)>SPAN:nth-of-type(2)","9","0,03%"
"144","HTML>BODY:nth-of-type(1)>DIV:nth-of-type(2)>HEADER.header:nth-of-type(1)>DIV.container:nth-of-type(1)>UL.nav-menu:nth-of-type(1)>LI:nth-of-type(2)>DIV.dropdown.dropdown--sm:nth-of-type(1)>DIV.dropdown__links:nth-of-type(1)>A:nth-of-type(2)","9","0,03%"
"145","#planos-preview","9","0,03%"
"146","#para-quem>DIV.container:nth-of-type(1)>DIV.pq-grid:nth-of-type(2)>A.pq-card:nth-of-type(1)>DIV.pq-card__content:nth-of-type(1)>SPAN.pq-card__link:nth-of-type(1)>SPAN:nth-of-type(1)","9","0,03%"
"147","#orbitHub>DIV.orbit-hub__center:nth-of-type(1)>DIV.orbit-hub__photo:nth-of-type(2)>IMG:nth-of-type(1)","9","0,03%"
"148","#custo>DIV.container:nth-of-type(1)>DIV.cost-grid:nth-of-type(2)>DIV.cost-card.cost-card--manual:nth-of-type(1)>DIV.cost-item:nth-of-type(2)>SPAN.cost-item__value:nth-of-type(2)","9","0,03%"
"149","#olivia>DIV.container:nth-of-type(1)>DIV.olivia-intro:nth-of-type(1)>DIV:nth-of-type(1)>DIV:nth-of-type(1)>P:nth-of-type(1)","9","0,03%"
"150","#custo>DIV.container:nth-of-type(1)>DIV.cost-grid:nth-of-type(2)>DIV.cost-card.cost-card--orbit:nth-of-type(3)>DIV.cost-orbit-benefits:nth-of-type(8)>DIV.cost-orbit-benefit:nth-of-type(2)","9","0,03%"
"151","#empresa","9","0,03%"
"152","#dores>DIV.container:nth-of-type(2)","9","0,03%"
"153","#agentes>DIV:nth-of-type(1)>H3:nth-of-type(1)","8","0,03%"
"154","#depoimentos>DIV.container:nth-of-type(1)>DIV.testi-header.revealed:nth-of-type(1)","8","0,03%"
"155","#custo>DIV.container:nth-of-type(1)>DIV.cost-grid:nth-of-type(2)>DIV.cost-card.cost-card--manual:nth-of-type(1)>DIV.cost-item:nth-of-type(2)>SPAN.cost-item__label:nth-of-type(1)","8","0,03%"
"156","#custo>DIV.container:nth-of-type(1)>DIV.cost-grid:nth-of-type(2)>DIV.cost-card.cost-card--manual:nth-of-type(1)>DIV.cost-card__title:nth-of-type(1)","8","0,03%"
"157","#custo>DIV.container:nth-of-type(1)>DIV.cost-grid:nth-of-type(2)>DIV.cost-card.cost-card--manual:nth-of-type(1)>DIV.cost-item:nth-of-type(5)","8","0,03%"
"158","#hiwCinema>DIV.hiw-cinema__step:nth-of-type(3)>DIV.hiw-cinema__card:nth-of-type(2)>DIV.hiw-cinema__text:nth-of-type(1)>H3:nth-of-type(1)","8","0,03%"
"159","#planos-preview>DIV.container:nth-of-type(2)>DIV:nth-of-type(3)>DIV:nth-of-type(3)>DIV:nth-of-type(4)","8","0,03%"
"160","#planos-preview>DIV.container:nth-of-type(2)>DIV:nth-of-type(3)>DIV:nth-of-type(1)>DIV:nth-of-type(2)>DIV:nth-of-type(3)","8","0,03%"
"161","#reframe>DIV.container:nth-of-type(1)>DIV.reframe-journey:nth-of-type(2)>DIV.roda:nth-of-type(1)>DIV.roda__scene:nth-of-type(1)>DIV.roda__wheel:nth-of-type(1)>DIV.roda__spinner:nth-of-type(1)>DIV.roda__arm:nth-of-type(3)>DIV.roda__card:nth-of-type(1)","8","0,03%"
"162","#hiwCinema>DIV.hiw-cinema__step:nth-of-type(5)>DIV.hiw-cinema__card.hiw-cinema__card--final:nth-of-type(2)>DIV.hiw-cinema__text:nth-of-type(1)>P:nth-of-type(1)","8","0,03%"
"163","HTML>BODY:nth-of-type(1)>DIV:nth-of-type(2)>HEADER.header:nth-of-type(1)>DIV.container:nth-of-type(1)>UL.nav-menu:nth-of-type(1)>LI:nth-of-type(2)>DIV.dropdown.dropdown--sm:nth-of-type(1)>DIV.dropdown__links:nth-of-type(1)>A:nth-of-type(1)","8","0,03%"
"164","#plataforma>DIV.container:nth-of-type(1)>DIV.platform-panels:nth-of-type(3)>DIV.platform-panel:nth-of-type(1)>DIV.platform-panel__content:nth-of-type(1)>DIV.platform-panel__text:nth-of-type(1)","8","0,03%"
"165","#planos-preview>DIV.container:nth-of-type(2)>DIV:nth-of-type(3)>DIV:nth-of-type(2)>A:nth-of-type(1)","8","0,03%"
"166","#custo>DIV.container:nth-of-type(1)>DIV.cost-grid:nth-of-type(2)>DIV.cost-card.cost-card--manual:nth-of-type(1)>DIV.cost-item:nth-of-type(3)","8","0,03%"
"167","#olivia>DIV.container:nth-of-type(1)>DIV.olivia-intro:nth-of-type(1)>DIV:nth-of-type(1)>H2:nth-of-type(1)>SPAN:nth-of-type(1)","8","0,03%"
"168","#home>DIV.container:nth-of-type(3)>DIV.hero-zoom__header:nth-of-type(1)>DIV.hero-zoom__credentials:nth-of-type(2)","8","0,03%"
"169","#para-quem>DIV.container:nth-of-type(1)>DIV.pq-grid:nth-of-type(2)>A.pq-card:nth-of-type(2)>DIV.pq-card__content:nth-of-type(1)>SPAN.pq-card__link:nth-of-type(1)>SPAN:nth-of-type(1)","8","0,03%"
"170","#custo>DIV.container:nth-of-type(1)","8","0,03%"
"171","HTML>BODY:nth-of-type(1)>DIV:nth-of-type(2)>SECTION.mkt-section:nth-of-type(4)>DIV.container:nth-of-type(2)>DIV.mkt-cards:nth-of-type(2)>DIV.mkt-card.mkt-card--highlight:nth-of-type(1)>P.mkt-card__headline:nth-of-type(1)","8","0,03%"
"172","#custo>DIV.container:nth-of-type(1)>DIV.cost-savings:nth-of-type(3)>DIV.cost-savings__badge:nth-of-type(1)>DIV.cost-savings__text:nth-of-type(1)>SPAN:nth-of-type(1)","7","0,03%"
"173","#custo>DIV.container:nth-of-type(1)>DIV.cost-grid:nth-of-type(2)>DIV.cost-card.cost-card--orbit:nth-of-type(3)>DIV.cost-item:nth-of-type(6)","7","0,03%"
"174","#como-funciona>DIV.container:nth-of-type(1)>DIV.section-header.revealed:nth-of-type(1)","7","0,03%"
"175","#plataforma>DIV.container:nth-of-type(1)>DIV.platform-panels:nth-of-type(3)>DIV.platform-panel:nth-of-type(1)>DIV.platform-panel__content:nth-of-type(1)>DIV.platform-panel__text:nth-of-type(1)>A.btn.btn-primary:nth-of-type(1)","7","0,03%"
"176","#custo>DIV.container:nth-of-type(1)>DIV.cost-grid:nth-of-type(2)>DIV.cost-card.cost-card--manual:nth-of-type(1)>DIV.cost-item:nth-of-type(8)","7","0,03%"
"177","#plataforma>DIV.container:nth-of-type(1)>DIV.one-platform__header:nth-of-type(1)>H2:nth-of-type(1)>SPAN.highlight:nth-of-type(1)","7","0,03%"
"178","#reframe>DIV.container:nth-of-type(1)>DIV.reframe-journey:nth-of-type(2)>DIV.reframe-phase.reframe-phase--win:nth-of-type(3)>DIV.reframe-phase__steps.reframe-orbit-steps:nth-of-type(2)>DIV.reframe-orbit-card:nth-of-type(1)>DIV.reframe-orbit-card__scene:nth-of-type(2)>DIV.rfm-mini-hub:nth-of-type(1)>DIV.rfm-mini-hub__center:nth-of-type(1)>DIV.rfm-mini-hub__pulse:nth-of-type(1)","7","0,03%"
"179","#manifesto>DIV.container:nth-of-type(1)>DIV:nth-of-type(1)>P:nth-of-type(1)","7","0,03%"
"180","HTML>BODY:nth-of-type(1)>DIV:nth-of-type(2)>HEADER.header:nth-of-type(1)>DIV.container:nth-of-type(1)>UL.nav-menu:nth-of-type(1)>LI:nth-of-type(2)>DIV.dropdown.dropdown--sm:nth-of-type(1)>DIV.dropdown__links:nth-of-type(1)>A:nth-of-type(1)>DIV.dd-icon:nth-of-type(1)","7","0,03%"
"181","#solucoes>DIV.container:nth-of-type(1)>DIV:nth-of-type(2)>DIV:nth-of-type(1)>DIV:nth-of-type(9)>A:nth-of-type(1)>IMG:nth-of-type(1)","7","0,03%"
"182","#reframe>DIV.container:nth-of-type(1)>DIV.reframe-journey:nth-of-type(2)>DIV.roda:nth-of-type(1)>DIV.roda__scene:nth-of-type(1)>DIV.roda__wheel:nth-of-type(1)>DIV.roda__spinner:nth-of-type(1)","7","0,03%"
"183","#custo>DIV.container:nth-of-type(1)>DIV.cost-grid:nth-of-type(2)>DIV.cost-card.cost-card--manual:nth-of-type(1)>DIV.cost-item:nth-of-type(2)","7","0,03%"
"184","#para-quem>DIV.container:nth-of-type(1)>DIV.pq-grid:nth-of-type(2)>A.pq-card:nth-of-type(2)>DIV.pq-card__content:nth-of-type(1)","7","0,03%"
"185","#dores","7","0,03%"
"186","#hiwCinema>DIV.hiw-cinema__step:nth-of-type(3)>DIV.hiw-cinema__card:nth-of-type(2)>DIV.hiw-cinema__scene.hiw-scene-agents:nth-of-type(2)>DIV.hiw-agents-output:nth-of-type(2)>DIV.hiw-output-line:nth-of-type(1)","7","0,03%"
"187","#como-funciona>DIV.container:nth-of-type(1)>DIV.section-header:nth-of-type(1)>H2:nth-of-type(1)","7","0,03%"
"188","HTML>BODY:nth-of-type(1)>DIV:nth-of-type(2)>FOOTER.footer:nth-of-type(1)>DIV.container:nth-of-type(1)>DIV.footer-bottom:nth-of-type(2)>P:nth-of-type(1)","6","0,02%"
"189","#home>DIV.container:nth-of-type(3)>DIV.hero-zoom__header:nth-of-type(1)>P.hero-zoom__note:nth-of-type(2)","6","0,02%"
"190","#custo>DIV.container:nth-of-type(1)>DIV.cost-savings:nth-of-type(3)>DIV.cost-savings__badge:nth-of-type(1)","6","0,02%"
"191","#solucoes>DIV.container:nth-of-type(1)>DIV:nth-of-type(2)>DIV:nth-of-type(1)>DIV:nth-of-type(9)>A:nth-of-type(1)>DIV:nth-of-type(1)>SPAN:nth-of-type(1)","6","0,02%"
"192","#hiwCinema>DIV.hiw-cinema__step:nth-of-type(3)>DIV.hiw-cinema__card:nth-of-type(2)>DIV.hiw-cinema__scene.hiw-scene-agents:nth-of-type(2)>DIV.hiw-agents-output:nth-of-type(2)>DIV.hiw-output-line:nth-of-type(2)","6","0,02%"
"193","HTML>BODY:nth-of-type(1)>DIV:nth-of-type(2)>FOOTER.footer:nth-of-type(1)>DIV.container:nth-of-type(1)>DIV.footer-grid:nth-of-type(1)>DIV.footer-column:nth-of-type(3)>UL:nth-of-type(1)>LI:nth-of-type(3)>A:nth-of-type(1)","6","0,02%"
"194","#como-funciona","6","0,02%"
"195","HTML>BODY:nth-of-type(1)>DIV:nth-of-type(2)>FOOTER.footer:nth-of-type(1)>DIV.container:nth-of-type(1)>DIV.footer-grid:nth-of-type(1)>DIV.footer-column:nth-of-type(2)>UL.footer-contact:nth-of-type(1)>LI:nth-of-type(1)","6","0,02%"
"196","#hiwCinema>DIV.hiw-cinema__step:nth-of-type(3)>DIV.hiw-cinema__card:nth-of-type(2)","6","0,02%"
"197","HTML>BODY:nth-of-type(1)>DIV:nth-of-type(2)>FOOTER.footer:nth-of-type(1)>DIV.container:nth-of-type(1)>DIV.footer-grid:nth-of-type(1)","6","0,02%"
"198","#lead-form>BUTTON.btn.btn-primary.btn-submit:nth-of-type(1)>SPAN.btn-text:nth-of-type(1)","6","0,02%"
"199","#custo>DIV.container:nth-of-type(1)>DIV.cost-grid:nth-of-type(2)>DIV.cost-card.cost-card--manual:nth-of-type(1)>DIV.cost-item:nth-of-type(7)","6","0,02%"
"200","#waArrowRight>I.fas.fa-chevron-right:nth-of-type(1)","6","0,02%"
"201","#reframe>DIV.container:nth-of-type(1)>DIV.section-header:nth-of-type(1)>H2:nth-of-type(1)>SPAN.highlight:nth-of-type(1)","6","0,02%"
"202","#para-quem>DIV.container:nth-of-type(1)>DIV:nth-of-type(1)>P:nth-of-type(1)","6","0,02%"
"203","HTML>BODY:nth-of-type(1)>DIV:nth-of-type(2)>HEADER.header:nth-of-type(1)>DIV.container:nth-of-type(1)>BUTTON.menu-toggle:nth-of-type(2)>SPAN:nth-of-type(1)","6","0,02%"
"204","#orbitHub>DIV.orbit-hub__node:nth-of-type(11)>DIV.orbit-hub__node-icon:nth-of-type(1)","6","0,02%"
"205","#reframe>DIV.container:nth-of-type(1)>DIV.reframe-journey:nth-of-type(2)>DIV.reframe-phase.reframe-phase--win:nth-of-type(3)>DIV.reframe-phase__steps.reframe-orbit-steps:nth-of-type(2)>DIV.reframe-orbit-card:nth-of-type(1)>DIV.reframe-orbit-card__text:nth-of-type(1)","6","0,02%"
"206","#heroRotate>SPAN.hero-rotate__word:nth-of-type(2)","5","0,02%"
"207","#depoimentos>DIV.container:nth-of-type(1)>DIV.testi-header:nth-of-type(1)>H2:nth-of-type(1)","5","0,02%"
"208","#reframe>DIV.container:nth-of-type(1)>DIV.reframe-journey:nth-of-type(2)>DIV.reframe-phase.reframe-phase--win:nth-of-type(3)>DIV.reframe-phase__steps.reframe-orbit-steps:nth-of-type(2)>DIV.reframe-orbit-card:nth-of-type(1)>DIV.reframe-orbit-card__scene:nth-of-type(2)>DIV.rfm-mini-hub:nth-of-type(1)>svg.rfm-mini-hub__svg:nth-of-type(1)","5","0,02%"
"209","#plataforma>DIV.container:nth-of-type(1)>DIV.platform-panels:nth-of-type(3)>DIV.platform-panel:nth-of-type(5)>DIV.platform-panel__content:nth-of-type(1)>DIV.platform-panel__text:nth-of-type(1)>UL.platform-panel__features:nth-of-type(1)>LI:nth-of-type(1)","5","0,02%"
"210","#plataforma>DIV.container:nth-of-type(1)>DIV.platform-panels:nth-of-type(3)>DIV.platform-panel:nth-of-type(2)>DIV.platform-panel__content:nth-of-type(1)>DIV.platform-panel__text:nth-of-type(1)>H3:nth-of-type(1)","5","0,02%"
"211","#reframe>DIV.container:nth-of-type(1)>DIV.section-header:nth-of-type(1)>H2:nth-of-type(1)","5","0,02%"
"212","#planos-preview>DIV.container:nth-of-type(2)>DIV:nth-of-type(3)>DIV:nth-of-type(3)>A:nth-of-type(1)","5","0,02%"
"213","#olivia>DIV.container:nth-of-type(1)>DIV.olivia-intro:nth-of-type(1)>DIV:nth-of-type(1)","5","0,02%"
"214","#solucoes>DIV.container:nth-of-type(1)>DIV:nth-of-type(2)>DIV:nth-of-type(1)>DIV:nth-of-type(7)>A:nth-of-type(1)>DIV:nth-of-type(1)>P:nth-of-type(1)","5","0,02%"
"215","#orbitHub>DIV.orbit-hub__node:nth-of-type(3)>DIV.orbit-hub__node-icon:nth-of-type(1)","5","0,02%"
"216","#plataforma>DIV.container:nth-of-type(1)>DIV.dock-container:nth-of-type(2)","5","0,02%"
"217","#custo>DIV.container:nth-of-type(1)>DIV.cost-savings:nth-of-type(3)>DIV.cost-savings__badge:nth-of-type(1)>DIV.cost-savings__text:nth-of-type(1)>STRONG:nth-of-type(1)","5","0,02%"
"218","#plataforma>DIV.container:nth-of-type(1)>DIV.platform-panels:nth-of-type(3)>DIV.platform-panel:nth-of-type(3)>DIV.platform-panel__content:nth-of-type(1)>DIV.platform-panel__text:nth-of-type(1)>A.btn.btn-primary:nth-of-type(1)","5","0,02%"
"219","#olivia>DIV.container:nth-of-type(1)>DIV.olivia-intro:nth-of-type(1)>DIV:nth-of-type(2)>IMG:nth-of-type(1)","5","0,02%"
"220","#olivia>DIV.container:nth-of-type(1)>DIV.olivia-intro:nth-of-type(1)>DIV:nth-of-type(1)>P:nth-of-type(2)","5","0,02%"
"221","#reframe>DIV.container:nth-of-type(1)>DIV.reframe-journey:nth-of-type(2)>DIV.roda:nth-of-type(1)>DIV.roda__scene:nth-of-type(1)>DIV.roda__wheel:nth-of-type(1)>DIV.roda__spinner:nth-of-type(1)>DIV.roda__arm:nth-of-type(1)>DIV.roda__card:nth-of-type(1)","5","0,02%"
"222","HTML>BODY:nth-of-type(1)>DIV:nth-of-type(2)>SECTION.faq-section.section--light:nth-of-type(15)>DIV.container:nth-of-type(1)","5","0,02%"
"223","#para-quem>DIV.container:nth-of-type(1)>DIV:nth-of-type(1)>H2:nth-of-type(1)","5","0,02%"
"224","#olivia>DIV.container:nth-of-type(1)>DIV.olivia-intro:nth-of-type(1)>DIV:nth-of-type(2)","5","0,02%"
"225","#home>DIV.container:nth-of-type(3)>DIV.hero-zoom__header:nth-of-type(1)>DIV.hero-zoom__credentials:nth-of-type(2)>DIV.hero-zoom__credential:nth-of-type(5)>STRONG:nth-of-type(1)","5","0,02%"
"226","HTML>BODY:nth-of-type(1)>DIV:nth-of-type(2)>HEADER.header:nth-of-type(1)>DIV.container:nth-of-type(1)>UL.nav-menu:nth-of-type(1)>LI:nth-of-type(3)>DIV.dropdown.dropdown--sm:nth-of-type(1)>DIV.dropdown__links:nth-of-type(1)>A:nth-of-type(2)","5","0,02%"
"227","#orbitHub>DIV.orbit-hub__node:nth-of-type(7)>DIV.orbit-hub__node-icon:nth-of-type(1)","5","0,02%"
"228","#solucoes>DIV.container:nth-of-type(1)>DIV:nth-of-type(2)>DIV:nth-of-type(1)>DIV:nth-of-type(11)>A:nth-of-type(1)>DIV:nth-of-type(1)>SPAN:nth-of-type(1)","5","0,02%"
"229","#waPhones","5","0,02%"
"230","#depoimentos>DIV.container:nth-of-type(1)>DIV.testi-columns:nth-of-type(2)>DIV.testi-column.testi-column--md:nth-of-type(2)>DIV.testi-scroll:nth-of-type(1)>DIV.testi-card:nth-of-type(3)>P.testi-quote:nth-of-type(1)","5","0,02%"
"231","#planos-preview>DIV.container:nth-of-type(2)>DIV:nth-of-type(3)>DIV:nth-of-type(1)","5","0,02%"
"232","#como-funciona>DIV.container:nth-of-type(1)>DIV.section-header:nth-of-type(1)>P:nth-of-type(1)","5","0,02%"
"233","#depoimentos>DIV.container:nth-of-type(1)>DIV.testi-header:nth-of-type(1)>DIV.testi-badge:nth-of-type(1)","5","0,02%"
"234","HTML>BODY:nth-of-type(1)>DIV:nth-of-type(2)>FOOTER.footer:nth-of-type(1)>DIV.container:nth-of-type(1)>DIV.footer-grid:nth-of-type(1)>DIV.footer-brand:nth-of-type(1)>P:nth-of-type(1)","5","0,02%"
"235","#custo>DIV.container:nth-of-type(1)>DIV.cost-savings.revealed:nth-of-type(3)","5","0,02%"
"236","#olivia>DIV.container:nth-of-type(1)>DIV.olivia-intro:nth-of-type(1)>DIV:nth-of-type(2)>DIV:nth-of-type(1)>SPAN:nth-of-type(3)","5","0,02%"
"237","#reframe>DIV.container:nth-of-type(1)>DIV.reframe-journey:nth-of-type(2)>DIV.reframe-phase.reframe-phase--win:nth-of-type(3)>DIV.reframe-phase__steps.reframe-orbit-steps:nth-of-type(2)>DIV.reframe-orbit-card:nth-of-type(3)>DIV.reframe-orbit-card__text:nth-of-type(1)>H4:nth-of-type(1)","5","0,02%"
"238","#solucoes>DIV.container:nth-of-type(1)>DIV:nth-of-type(2)>DIV:nth-of-type(1)>DIV:nth-of-type(10)>A:nth-of-type(1)>DIV:nth-of-type(1)>SPAN:nth-of-type(1)","4","0,01%"
"239","#dores>DIV.container:nth-of-type(2)>DIV.section-header:nth-of-type(1)>H2:nth-of-type(1)","4","0,01%"
"240","#orbitHub>DIV.orbit-hub__node:nth-of-type(6)>DIV.orbit-hub__node-icon:nth-of-type(1)","4","0,01%"
"241","#agentes>DIV:nth-of-type(3)>P:nth-of-type(1)>STRONG:nth-of-type(1)","4","0,01%"
"242","#contato-form","4","0,01%"
"243","HTML>BODY:nth-of-type(1)>DIV:nth-of-type(2)>SECTION.mkt-section:nth-of-type(4)>DIV.container:nth-of-type(2)>DIV.mkt-header:nth-of-type(1)>H2:nth-of-type(1)>SPAN:nth-of-type(1)","4","0,01%"
"244","#depoimentos>DIV.container:nth-of-type(1)>DIV.testi-columns:nth-of-type(2)>DIV.testi-column:nth-of-type(1)>DIV.testi-scroll:nth-of-type(1)>DIV.testi-card:nth-of-type(3)","4","0,01%"
"245","#planos-preview>DIV.container:nth-of-type(2)>DIV:nth-of-type(3)>DIV:nth-of-type(3)>DIV:nth-of-type(3)>DIV:nth-of-type(2)","4","0,01%"
"246","#heroRotate>SPAN.hero-rotate__word:nth-of-type(3)","4","0,01%"
"247","#plataforma>DIV.container:nth-of-type(1)>DIV.platform-panels:nth-of-type(3)>DIV.platform-panel:nth-of-type(11)>DIV.platform-panel__content:nth-of-type(1)>DIV.platform-panel__text:nth-of-type(1)","4","0,01%"
"248","#custo>DIV.container:nth-of-type(1)>DIV.cost-grid:nth-of-type(2)>DIV.cost-card.cost-card--manual:nth-of-type(1)>DIV.cost-item:nth-of-type(9)","4","0,01%"
"249","#reframe>DIV.container:nth-of-type(1)>DIV.reframe-journey:nth-of-type(2)>DIV.reframe-phase.reframe-phase--win:nth-of-type(3)>DIV.reframe-phase__steps.reframe-orbit-steps:nth-of-type(2)>DIV.reframe-orbit-card:nth-of-type(5)>DIV.reframe-orbit-card__text:nth-of-type(1)>H4:nth-of-type(1)","4","0,01%"
"250","#reframe>DIV.container:nth-of-type(1)>DIV.reframe-journey:nth-of-type(2)>DIV.reframe-phase.reframe-phase--win:nth-of-type(3)>DIV.reframe-verdict.reframe-verdict--win:nth-of-type(3)>DIV:nth-of-type(2)>STRONG:nth-of-type(1)","4","0,01%"
"251","#custo>DIV.container:nth-of-type(1)>DIV.cost-grid:nth-of-type(2)>DIV.cost-card.cost-card--manual:nth-of-type(1)>DIV.cost-item:nth-of-type(13)","4","0,01%"
"252","#solucoes>DIV.container:nth-of-type(1)>DIV:nth-of-type(2)>DIV:nth-of-type(1)>DIV:nth-of-type(1)>A:nth-of-type(1)>DIV:nth-of-type(1)","4","0,01%"
"253","#olivia>DIV.container:nth-of-type(1)>DIV.olivia-intro:nth-of-type(1)>DIV:nth-of-type(1)>H2:nth-of-type(1)","4","0,01%"
"254","#hiwCinema>DIV.hiw-cinema__step:nth-of-type(5)>DIV.hiw-cinema__card.hiw-cinema__card--final:nth-of-type(2)","4","0,01%"
"255","#reframe>DIV.container:nth-of-type(1)>DIV.reframe-journey:nth-of-type(2)>DIV.reframe-phase.reframe-phase--win:nth-of-type(3)>DIV.reframe-phase__steps.reframe-orbit-steps:nth-of-type(2)>DIV.reframe-orbit-card:nth-of-type(5)","4","0,01%"
"256","#waPhones>DIV.wa-device:nth-of-type(2)>DIV.wa-device__frame:nth-of-type(1)>DIV.wa-input:nth-of-type(4)>DIV.wa-input__field:nth-of-type(1)>SPAN:nth-of-type(1)","4","0,01%"
"257","#hiwCinema>DIV.hiw-cinema__step:nth-of-type(5)>DIV.hiw-cinema__card.hiw-cinema__card--final:nth-of-type(2)>DIV.hiw-cinema__text:nth-of-type(1)","4","0,01%"
"258","#plataforma>DIV.container:nth-of-type(1)>DIV.one-platform__header:nth-of-type(1)>H2:nth-of-type(1)","4","0,01%"
"259","#depoimentos>DIV.container:nth-of-type(1)>DIV.testi-columns:nth-of-type(2)>DIV.testi-column:nth-of-type(1)>DIV.testi-scroll:nth-of-type(1)>DIV.testi-card:nth-of-type(3)>DIV.testi-author:nth-of-type(1)>DIV.testi-info:nth-of-type(2)>DIV.testi-role:nth-of-type(2)","4","0,01%"
"260","#solucoes>DIV.container:nth-of-type(1)>DIV:nth-of-type(2)>DIV:nth-of-type(1)>DIV:nth-of-type(2)>A:nth-of-type(1)>DIV:nth-of-type(1)","4","0,01%"
"261","#home>DIV.container:nth-of-type(3)>DIV.hero-zoom__header:nth-of-type(1)>DIV.hero-zoom__credentials:nth-of-type(2)>DIV.hero-zoom__credential:nth-of-type(1)>STRONG:nth-of-type(1)","4","0,01%"
"262","HTML>BODY:nth-of-type(1)>DIV:nth-of-type(2)>SECTION.mkt-section:nth-of-type(4)>DIV.container:nth-of-type(2)>DIV.mkt-header.revealed:nth-of-type(1)","4","0,01%"
"263","#para-quem>DIV.container:nth-of-type(1)>DIV.pq-grid:nth-of-type(2)>A.pq-card:nth-of-type(2)>IMG:nth-of-type(1)","4","0,01%"
"264","#hiwCinema>DIV.hiw-cinema__step:nth-of-type(3)>DIV.hiw-cinema__card:nth-of-type(2)>DIV.hiw-cinema__scene.hiw-scene-agents:nth-of-type(2)>DIV.hiw-agents-output:nth-of-type(2)","4","0,01%"
"265","#heroRotate>SPAN.hero-rotate__word:nth-of-type(4)","4","0,01%"
"266","#orbitHub>DIV.orbit-hub__node:nth-of-type(2)>DIV.orbit-hub__node-icon:nth-of-type(1)>I.fas.fa-compass:nth-of-type(1)","4","0,01%"
"267","#custo>DIV.container:nth-of-type(1)>DIV.cost-grid:nth-of-type(2)>DIV.cost-card.cost-card--manual:nth-of-type(1)>DIV.cost-item:nth-of-type(6)","4","0,01%"
"268","#hiwCinema>DIV.hiw-cinema__step:nth-of-type(4)>DIV.hiw-cinema__card:nth-of-type(2)>DIV.hiw-cinema__text:nth-of-type(1)>H3:nth-of-type(1)","4","0,01%"
"269","HTML>BODY:nth-of-type(1)>DIV:nth-of-type(2)>SECTION.mkt-section:nth-of-type(4)>DIV.container:nth-of-type(2)>DIV.mkt-cards:nth-of-type(2)>DIV.mkt-card:nth-of-type(2)>P.mkt-card__headline:nth-of-type(1)>STRONG:nth-of-type(1)","4","0,01%"
"270","#depoimentos","4","0,01%"
"271","#para-quem>DIV.container:nth-of-type(1)>DIV.revealed:nth-of-type(1)","4","0,01%"
"272","#plataforma>DIV.container:nth-of-type(1)>DIV.platform-panels:nth-of-type(3)>DIV.platform-panel:nth-of-type(2)>DIV.platform-panel__content:nth-of-type(1)>DIV.platform-panel__text:nth-of-type(1)>UL.platform-panel__features:nth-of-type(1)>LI:nth-of-type(3)","4","0,01%"
"273","#telefone","4","0,01%"
"274","HTML>BODY:nth-of-type(1)>DIV:nth-of-type(2)>SECTION.mkt-section:nth-of-type(4)","4","0,01%"
"275","#plataforma>DIV.container:nth-of-type(1)>DIV.platform-panels:nth-of-type(3)>DIV.platform-panel:nth-of-type(12)>DIV.platform-panel__content:nth-of-type(1)>DIV.platform-panel__text:nth-of-type(1)>P:nth-of-type(1)","4","0,01%"
"276","#plataforma>DIV.container:nth-of-type(1)>DIV.platform-panels:nth-of-type(3)>DIV.platform-panel:nth-of-type(9)>DIV.platform-panel__content:nth-of-type(1)>DIV.platform-panel__text:nth-of-type(1)","3","0,01%"
"277","HTML>BODY:nth-of-type(1)>DIV:nth-of-type(2)>SECTION.mkt-section:nth-of-type(4)>DIV.container:nth-of-type(2)>DIV.mkt-cards:nth-of-type(2)>DIV.mkt-card:nth-of-type(3)>P.mkt-card__headline:nth-of-type(1)>STRONG:nth-of-type(1)","3","0,01%"
"278","#para-quem>DIV.container:nth-of-type(1)>DIV.pq-grid:nth-of-type(2)>A.pq-card:nth-of-type(3)>DIV.pq-card__content:nth-of-type(1)>SPAN.pq-card__link:nth-of-type(1)>SPAN:nth-of-type(1)","3","0,01%"
"279","#reframe>DIV.container:nth-of-type(1)>DIV.reframe-journey:nth-of-type(2)>DIV.reframe-phase.reframe-phase--win:nth-of-type(3)>DIV.reframe-phase__steps.reframe-orbit-steps:nth-of-type(2)>DIV.reframe-orbit-card:nth-of-type(3)>DIV.reframe-orbit-card__text:nth-of-type(1)>P:nth-of-type(1)","3","0,01%"
"280","#para-quem>DIV.container:nth-of-type(1)>DIV.pq-grid:nth-of-type(2)>A.pq-card:nth-of-type(2)>DIV.pq-card__content:nth-of-type(1)>P:nth-of-type(1)","3","0,01%"
"281","#custo>DIV.container:nth-of-type(1)>DIV.cost-grid:nth-of-type(2)>DIV.cost-card.cost-card--orbit:nth-of-type(3)>DIV.cost-orbit-benefits:nth-of-type(8)>DIV.cost-orbit-benefit:nth-of-type(1)","3","0,01%"
"282","HTML>BODY:nth-of-type(1)>DIV:nth-of-type(2)>SECTION.mkt-section:nth-of-type(4)>DIV.container:nth-of-type(2)>DIV.mkt-cards:nth-of-type(2)>DIV.mkt-card.mkt-card--highlight:nth-of-type(1)","3","0,01%"
"283","#plataforma>DIV.container:nth-of-type(1)>DIV.platform-panels:nth-of-type(3)>DIV.platform-panel:nth-of-type(10)>DIV.platform-panel__content:nth-of-type(1)>DIV.platform-panel__text:nth-of-type(1)>H3:nth-of-type(1)","3","0,01%"
"284","HTML>BODY:nth-of-type(1)>DIV:nth-of-type(2)>HEADER.header:nth-of-type(1)>DIV.container:nth-of-type(1)>UL.nav-menu:nth-of-type(1)>LI:nth-of-type(2)>DIV.dropdown.dropdown--sm:nth-of-type(1)>DIV.dropdown__links:nth-of-type(1)>A:nth-of-type(2)>DIV.dd-icon:nth-of-type(1)","3","0,01%"
"285","#para-quem>DIV.container:nth-of-type(1)","3","0,01%"
"286","#reframe>DIV.container:nth-of-type(1)>DIV.reframe-journey:nth-of-type(2)>DIV.roda:nth-of-type(1)>DIV.roda__scene:nth-of-type(1)>DIV.roda__wheel:nth-of-type(1)>DIV.roda__spinner:nth-of-type(1)>DIV.roda__arm:nth-of-type(2)>DIV.roda__card:nth-of-type(1)>STRONG:nth-of-type(1)","3","0,01%"
"287","#reframe>DIV.container:nth-of-type(1)>DIV.reframe-journey:nth-of-type(2)>DIV.roda:nth-of-type(1)>DIV.roda__scene:nth-of-type(1)>DIV.roda__wheel:nth-of-type(1)>DIV.roda__spinner:nth-of-type(1)>DIV.roda__arm:nth-of-type(2)>DIV.roda__card:nth-of-type(1)","3","0,01%"
"288","#orbitHub>DIV.orbit-hub__node:nth-of-type(13)>DIV.orbit-hub__node-icon:nth-of-type(1)","3","0,01%"
"289","#olivia>DIV.container:nth-of-type(1)>DIV.olivia-intro:nth-of-type(1)>DIV:nth-of-type(2)>DIV:nth-of-type(1)>SPAN:nth-of-type(2)","3","0,01%"
"290","HTML>BODY:nth-of-type(1)>DIV:nth-of-type(2)>HEADER.header:nth-of-type(1)>DIV.container:nth-of-type(1)>UL.nav-menu:nth-of-type(1)>LI:nth-of-type(3)>DIV.dropdown.dropdown--sm:nth-of-type(1)>DIV.dropdown__links:nth-of-type(1)>A:nth-of-type(1)>DIV.dd-icon:nth-of-type(1)","3","0,01%"
"291","HTML>BODY:nth-of-type(1)>DIV:nth-of-type(2)>FOOTER.footer:nth-of-type(1)>DIV.container:nth-of-type(1)>DIV.footer-grid:nth-of-type(1)>DIV.footer-brand:nth-of-type(1)","3","0,01%"
"292","#solucoes>DIV.container:nth-of-type(1)>DIV:nth-of-type(2)>DIV:nth-of-type(1)>DIV:nth-of-type(11)>A:nth-of-type(1)>DIV:nth-of-type(1)>SPAN:nth-of-type(1)>I.fas.fa-arrow-right:nth-of-type(1)","3","0,01%"
"293","#heroRotate>SPAN.hero-rotate__word:nth-of-type(5)","3","0,01%"
"294","#custo>DIV.container:nth-of-type(1)>DIV.cost-grid:nth-of-type(2)>DIV.cost-card.cost-card--orbit:nth-of-type(3)>DIV.cost-orbit-benefits:nth-of-type(8)>DIV.cost-orbit-benefit:nth-of-type(3)","3","0,01%"
"295","#waPhones>DIV.wa-device:nth-of-type(2)>DIV.wa-device__frame:nth-of-type(1)>DIV.wa-chat:nth-of-type(3)>DIV.wa-row.wa-row--left.wa-row--hidden:nth-of-type(3)>DIV.wa-bubble.wa-bubble--dark:nth-of-type(1)>P:nth-of-type(1)","3","0,01%"
"296","HTML>BODY:nth-of-type(1)>DIV:nth-of-type(2)>SECTION.mkt-section:nth-of-type(4)>DIV.container:nth-of-type(2)>DIV.mkt-cards:nth-of-type(2)>DIV.mkt-card.mkt-card--highlight:nth-of-type(1)>DIV.mkt-card__header:nth-of-type(1)","3","0,01%"
"297","#custo>DIV.container:nth-of-type(1)>DIV.cost-header:nth-of-type(1)>P:nth-of-type(1)","3","0,01%"
"298","#plataforma>DIV.container:nth-of-type(1)>DIV.platform-panels:nth-of-type(3)>DIV.platform-panel:nth-of-type(1)>DIV.platform-panel__content:nth-of-type(1)>DIV.platform-panel__text:nth-of-type(1)>P:nth-of-type(1)","3","0,01%"
"299","HTML>BODY:nth-of-type(1)>DIV:nth-of-type(2)>SECTION.mkt-section:nth-of-type(4)>DIV.container:nth-of-type(2)>DIV.mkt-cards:nth-of-type(2)>DIV.mkt-card:nth-of-type(2)>P.mkt-card__headline:nth-of-type(1)","3","0,01%"
"300","#orbitHub>DIV.orbit-hub__node:nth-of-type(3)","3","0,01%"
"301","HTML>BODY:nth-of-type(1)>DIV:nth-of-type(2)>SECTION.faq-section.section--light:nth-of-type(15)>DIV.container:nth-of-type(1)>DIV.faq-list:nth-of-type(2)>DETAILS.faq-item:nth-of-type(2)>DIV.faq-item__answer:nth-of-type(1)>P:nth-of-type(1)","3","0,01%"
"302","#hiwCinema>DIV.hiw-cinema__step:nth-of-type(2)>DIV.hiw-cinema__card:nth-of-type(2)>DIV.hiw-cinema__scene.hiw-scene-form:nth-of-type(2)>DIV.hiw-form-mockup:nth-of-type(1)>DIV.hiw-form-mockup__body:nth-of-type(2)>DIV.hiw-form-field:nth-of-type(2)>DIV.hiw-form-field__input:nth-of-type(1)>SPAN.hiw-typing:nth-of-type(1)","3","0,01%"
"303","HTML>BODY:nth-of-type(1)>DIV:nth-of-type(2)>SECTION.stats-banner:nth-of-type(11)>DIV.container:nth-of-type(1)>DIV.stats-banner__grid.revealed:nth-of-type(1)","3","0,01%"
"304","#solucoes>DIV.container:nth-of-type(1)>DIV:nth-of-type(2)>DIV:nth-of-type(1)>DIV:nth-of-type(11)>A:nth-of-type(1)>IMG:nth-of-type(1)","3","0,01%"
"305","HTML>BODY:nth-of-type(1)>DIV:nth-of-type(2)>HEADER.header:nth-of-type(1)>DIV.container:nth-of-type(1)>UL.nav-menu:nth-of-type(1)>LI:nth-of-type(2)>DIV.dropdown.dropdown--sm:nth-of-type(1)>DIV.dropdown__links:nth-of-type(1)>A:nth-of-type(2)>DIV.dd-text:nth-of-type(2)","3","0,01%"
"306","#hiwCinema>DIV.hiw-cinema__step:nth-of-type(5)>DIV.hiw-cinema__card.hiw-cinema__card--final:nth-of-type(2)>DIV.hiw-cinema__text:nth-of-type(1)>H3:nth-of-type(1)","3","0,01%"
"307","#contato-form>DIV.container:nth-of-type(1)>DIV.cta-form-grid:nth-of-type(1)>DIV.cta-form-card:nth-of-type(2)","3","0,01%"
"308","#plataforma>DIV.container:nth-of-type(1)>DIV.platform-panels:nth-of-type(3)>DIV.platform-panel:nth-of-type(2)>DIV.platform-panel__content:nth-of-type(1)>DIV.platform-panel__text:nth-of-type(1)>P:nth-of-type(1)","3","0,01%"
"309","HTML>BODY:nth-of-type(1)>DIV:nth-of-type(2)>SECTION.mkt-section:nth-of-type(4)>DIV.container:nth-of-type(2)>DIV.mkt-cards:nth-of-type(2)>DIV.mkt-card:nth-of-type(2)","3","0,01%"
"310","#depoimentos>DIV.container:nth-of-type(1)>DIV.testi-columns:nth-of-type(2)>DIV.testi-column:nth-of-type(1)>DIV.testi-scroll:nth-of-type(1)>DIV.testi-card:nth-of-type(4)>P.testi-quote:nth-of-type(1)","3","0,01%"
"311","#hiwCinema>DIV.hiw-cinema__step:nth-of-type(2)>DIV.hiw-cinema__card:nth-of-type(2)>DIV.hiw-cinema__text:nth-of-type(1)>H3:nth-of-type(1)","3","0,01%"
"312","#plataforma>DIV.container:nth-of-type(1)>DIV.platform-panels:nth-of-type(3)>DIV.platform-panel:nth-of-type(5)>DIV.platform-panel__content:nth-of-type(1)>DIV.platform-panel__image:nth-of-type(2)>DIV.platform-panel__mockup-main:nth-of-type(1)>DIV.pp-mock:nth-of-type(1)>DIV.pp-mock__bar:nth-of-type(1)","3","0,01%"
"313","HTML>BODY:nth-of-type(1)>DIV:nth-of-type(2)>HEADER.header:nth-of-type(1)>DIV.container:nth-of-type(1)>BUTTON.menu-toggle:nth-of-type(2)>SPAN:nth-of-type(3)","3","0,01%"
"314","#olivia>DIV.container:nth-of-type(1)>DIV.olivia-intro:nth-of-type(1)>DIV:nth-of-type(2)>DIV:nth-of-type(1)>SPAN:nth-of-type(1)","3","0,01%"
"315","#orbitHub>DIV.orbit-hub__node:nth-of-type(3)>DIV.orbit-hub__node-icon:nth-of-type(1)>I.fas.fa-diagram-project:nth-of-type(1)","3","0,01%"
"316","#hiwCinema>DIV.hiw-cinema__step:nth-of-type(3)>DIV.hiw-cinema__card:nth-of-type(2)>DIV.hiw-cinema__scene.hiw-scene-agents:nth-of-type(2)>DIV.hiw-agents-output:nth-of-type(2)>DIV.hiw-output-line:nth-of-type(4)","3","0,01%"
"317","#waPhones>DIV.wa-device:nth-of-type(2)>DIV.wa-device__frame:nth-of-type(1)>DIV.wa-chat:nth-of-type(3)","3","0,01%"
"318","#custo>DIV.container:nth-of-type(1)>DIV.cost-grid:nth-of-type(2)>DIV.cost-card.cost-card--manual:nth-of-type(1)>DIV.cost-item:nth-of-type(12)","3","0,01%"
"319","#waPhones>DIV.wa-device:nth-of-type(1)>DIV.wa-device__frame:nth-of-type(1)>DIV.wa-chat:nth-of-type(3)>DIV.wa-row.wa-row--left.wa-row--hidden:nth-of-type(5)>DIV.wa-bubble.wa-bubble--dark:nth-of-type(1)>P:nth-of-type(1)","3","0,01%"
"320","#reframe>DIV.container:nth-of-type(1)>DIV.reframe-journey:nth-of-type(2)>DIV.reframe-phase.reframe-phase--win:nth-of-type(3)>DIV.reframe-verdict.reframe-verdict--win:nth-of-type(3)>DIV:nth-of-type(2)>P:nth-of-type(1)","3","0,01%"
"321","#plataforma>DIV.container:nth-of-type(1)>DIV.platform-panels:nth-of-type(3)>DIV.platform-panel:nth-of-type(2)>DIV.platform-panel__content:nth-of-type(1)>DIV.platform-panel__text:nth-of-type(1)>A.btn.btn-primary:nth-of-type(1)","3","0,01%"
"322","#plataforma>DIV.container:nth-of-type(1)>DIV.platform-panels:nth-of-type(3)>DIV.platform-panel:nth-of-type(5)>DIV.platform-panel__content:nth-of-type(1)>DIV.platform-panel__text:nth-of-type(1)>P:nth-of-type(1)","3","0,01%"
"323","#orbitHub>DIV.orbit-hub__node:nth-of-type(10)>DIV.orbit-hub__node-icon:nth-of-type(1)","3","0,01%"
"324","HTML>BODY:nth-of-type(1)>DIV:nth-of-type(2)>SECTION.mkt-section:nth-of-type(4)>DIV.container:nth-of-type(2)>DIV.mkt-cards:nth-of-type(2)>DIV.mkt-card:nth-of-type(3)>P.mkt-card__headline:nth-of-type(1)","3","0,01%"
"325","#agentes>DIV.revealed:nth-of-type(3)","3","0,01%"
"326","#plataforma>DIV.container:nth-of-type(1)>DIV.platform-panels:nth-of-type(3)>DIV.platform-panel:nth-of-type(4)>DIV.platform-panel__content:nth-of-type(1)>DIV.platform-panel__text:nth-of-type(1)>H3:nth-of-type(1)","3","0,01%"
"327","HTML>BODY:nth-of-type(1)>DIV:nth-of-type(2)>SECTION.stats-banner:nth-of-type(11)>DIV.container:nth-of-type(1)>DIV.stats-banner__grid:nth-of-type(1)>DIV.stats-banner__item:nth-of-type(2)>SPAN.stats-banner__number:nth-of-type(1)","3","0,01%"
"328","HTML>BODY:nth-of-type(1)>DIV:nth-of-type(2)>DIV.mobile-menu:nth-of-type(2)>DIV.mobile-menu__header:nth-of-type(1)>BUTTON.mobile-menu-close:nth-of-type(1)","3","0,01%"
"329","#plataforma>DIV.container:nth-of-type(1)>DIV.platform-panels:nth-of-type(3)>DIV.platform-panel:nth-of-type(8)>DIV.platform-panel__content:nth-of-type(1)>DIV.platform-panel__image:nth-of-type(2)>DIV.platform-panel__mockup-main:nth-of-type(1)>DIV.pp-mock:nth-of-type(1)>DIV.pp-mock__body:nth-of-type(2)>DIV.pp-mock__big-number:nth-of-type(6)","3","0,01%"
"330","HTML>BODY:nth-of-type(1)>DIV:nth-of-type(2)>FOOTER.footer:nth-of-type(1)>DIV.container:nth-of-type(1)>DIV.footer-grid:nth-of-type(1)>DIV.footer-column:nth-of-type(4)>UL:nth-of-type(2)>LI:nth-of-type(1)>A:nth-of-type(1)","3","0,01%"
"331","#reframe>DIV.container:nth-of-type(1)>DIV.reframe-journey:nth-of-type(2)>DIV.reframe-phase.reframe-phase--win:nth-of-type(3)>DIV.reframe-verdict.reframe-verdict--win:nth-of-type(3)","3","0,01%"
"332","#plataforma>DIV.container:nth-of-type(1)>DIV.platform-panels:nth-of-type(3)>DIV.platform-panel:nth-of-type(2)>DIV.platform-panel__content:nth-of-type(1)>DIV.platform-panel__text:nth-of-type(1)","3","0,01%"
"333","#plataforma>DIV.container:nth-of-type(1)>DIV.platform-panels:nth-of-type(3)>DIV.platform-panel:nth-of-type(5)>DIV.platform-panel__content:nth-of-type(1)>DIV.platform-panel__text:nth-of-type(1)","3","0,01%"
"334","#hiwCinema>DIV.hiw-cinema__step:nth-of-type(4)>DIV.hiw-cinema__card:nth-of-type(2)>DIV.hiw-cinema__scene.hiw-scene-validate:nth-of-type(2)>DIV.hiw-validate-screen:nth-of-type(1)>DIV.hiw-validate-list:nth-of-type(2)>DIV.hiw-validate-item:nth-of-type(2)>SPAN.hiw-validate-item__badge.hiw-validate-item__badge--ok:nth-of-type(2)","3","0,01%"
"335","HTML>BODY:nth-of-type(1)>DIV:nth-of-type(2)>FOOTER.footer:nth-of-type(1)>DIV.container:nth-of-type(1)>DIV.footer-grid:nth-of-type(1)>DIV.footer-brand:nth-of-type(1)>DIV.social-hover:nth-of-type(2)>A.social-hover__item:nth-of-type(1)","3","0,01%"
"336","#reframe>DIV.container:nth-of-type(1)>DIV.reframe-journey:nth-of-type(2)>DIV.reframe-phase.reframe-phase--win:nth-of-type(3)>DIV.reframe-phase__steps.reframe-orbit-steps:nth-of-type(2)>DIV.reframe-orbit-card:nth-of-type(5)>DIV.reframe-orbit-card__text:nth-of-type(1)","2","0,01%"
"337","#plataforma>DIV.container:nth-of-type(1)>DIV.platform-panels:nth-of-type(3)>DIV.platform-panel:nth-of-type(2)>DIV.platform-panel__content:nth-of-type(1)>DIV.platform-panel__text:nth-of-type(1)>UL.platform-panel__features:nth-of-type(1)>LI:nth-of-type(1)","2","0,01%"
"338","#depoimentos>DIV.container:nth-of-type(1)>DIV.testi-columns:nth-of-type(2)>DIV.testi-column.testi-column--lg:nth-of-type(3)>DIV.testi-scroll:nth-of-type(1)>DIV.testi-card:nth-of-type(3)","2","0,01%"
"339","#home>DIV.container:nth-of-type(3)>DIV.hero-zoom__header:nth-of-type(1)>DIV.hero-zoom__ctas:nth-of-type(1)","2","0,01%"
"340","#plataforma>DIV.container:nth-of-type(1)>DIV.platform-panels:nth-of-type(3)>DIV.platform-panel:nth-of-type(7)>DIV.platform-panel__content:nth-of-type(1)>DIV.platform-panel__text:nth-of-type(1)>P:nth-of-type(1)","2","0,01%"
"341","#depoimentos>DIV.container:nth-of-type(1)>DIV.testi-columns:nth-of-type(2)>DIV.testi-column.testi-column--lg:nth-of-type(3)>DIV.testi-scroll:nth-of-type(1)>DIV.testi-card:nth-of-type(3)>DIV.testi-author:nth-of-type(1)","2","0,01%"
"342","#orbitHub>DIV.orbit-hub__node:nth-of-type(3)>DIV.orbit-hub__node-desc:nth-of-type(3)","2","0,01%"
"343","HTML>BODY:nth-of-type(1)>DIV:nth-of-type(2)>HEADER.header:nth-of-type(1)>DIV.container:nth-of-type(1)>UL.nav-menu:nth-of-type(1)>LI:nth-of-type(3)>DIV.dropdown.dropdown--sm:nth-of-type(1)>DIV.dropdown__links:nth-of-type(1)>A:nth-of-type(2)>DIV.dd-icon:nth-of-type(1)","2","0,01%"
"344","#hiwCinema>DIV.hiw-cinema__step:nth-of-type(3)>DIV.hiw-cinema__card:nth-of-type(2)>DIV.hiw-cinema__text:nth-of-type(1)>P:nth-of-type(1)","2","0,01%"
"345","#custo>DIV.container:nth-of-type(1)>DIV.cost-grid:nth-of-type(2)>DIV.cost-card.cost-card--manual:nth-of-type(1)>DIV.cost-item:nth-of-type(5)>SPAN.cost-item__label:nth-of-type(1)","2","0,01%"
"346","#reframe>DIV.container:nth-of-type(1)>DIV.reframe-journey:nth-of-type(2)>DIV.roda:nth-of-type(1)>DIV.roda__scene:nth-of-type(1)>DIV.roda__wheel:nth-of-type(1)>DIV.roda__hub:nth-of-type(2)>DIV.roda__hub-outer:nth-of-type(1)>DIV.roda__hub-inner:nth-of-type(1)","2","0,01%"
"347","HTML>BODY:nth-of-type(1)>DIV:nth-of-type(2)>FOOTER.footer:nth-of-type(1)>DIV.container:nth-of-type(1)>DIV.footer-grid:nth-of-type(1)>DIV.footer-brand:nth-of-type(1)>DIV.social-hover:nth-of-type(2)>A.social-hover__item:nth-of-type(3)","2","0,01%"
"348","#solucoes>DIV.container:nth-of-type(1)>DIV:nth-of-type(2)>DIV:nth-of-type(1)>DIV:nth-of-type(2)>A:nth-of-type(1)>IMG:nth-of-type(1)","2","0,01%"
"349","#depoimentos>DIV.container:nth-of-type(1)>DIV.testi-columns:nth-of-type(2)>DIV.testi-column.testi-column--lg:nth-of-type(3)>DIV.testi-scroll:nth-of-type(1)>DIV.testi-card:nth-of-type(2)","2","0,01%"
"350","#hiwCinema>DIV.hiw-cinema__step:nth-of-type(3)>DIV.hiw-cinema__card:nth-of-type(2)>DIV.hiw-cinema__scene.hiw-scene-agents:nth-of-type(2)>DIV.hiw-agents-output:nth-of-type(2)>DIV.hiw-output-line:nth-of-type(3)","2","0,01%"
"351","#home>DIV.container:nth-of-type(3)>DIV.hero-zoom__header:nth-of-type(1)>H1.hero-zoom__title:nth-of-type(1)>SPAN:nth-of-type(4)","2","0,01%"
"352","#orbitHub>DIV.orbit-hub__node:nth-of-type(6)>DIV.orbit-node-card:nth-of-type(4)","2","0,01%"
"353","#planos-preview>DIV.container:nth-of-type(2)>DIV:nth-of-type(3)>DIV:nth-of-type(3)>DIV:nth-of-type(2)>DIV:nth-of-type(3)","2","0,01%"
"354","#custo>DIV.container:nth-of-type(1)>DIV.cost-grid:nth-of-type(2)>DIV.cost-card.cost-card--manual:nth-of-type(1)>DIV.cost-total:nth-of-type(14)","2","0,01%"
"355","#custo>DIV.container:nth-of-type(1)>DIV.cost-grid:nth-of-type(2)>DIV.cost-card.cost-card--manual:nth-of-type(1)>DIV.cost-item:nth-of-type(4)>SPAN.cost-item__label:nth-of-type(1)","2","0,01%"
"356","HTML>BODY:nth-of-type(1)>DIV:nth-of-type(2)>FOOTER.footer:nth-of-type(1)>DIV.container:nth-of-type(1)>DIV.footer-grid:nth-of-type(1)>DIV.footer-column:nth-of-type(2)>UL.footer-contact:nth-of-type(1)>LI:nth-of-type(2)>I.fas.fa-map-marker-alt:nth-of-type(1)","2","0,01%"
"357","#custo>DIV.container:nth-of-type(1)>DIV.cost-grid:nth-of-type(2)>DIV.cost-card.cost-card--manual:nth-of-type(1)>DIV.cost-item:nth-of-type(9)>SPAN.cost-item__label:nth-of-type(1)","2","0,01%"
"358","#plataforma>DIV.container:nth-of-type(1)>DIV.platform-panels:nth-of-type(3)>DIV.platform-panel:nth-of-type(7)>DIV.platform-panel__content:nth-of-type(1)>DIV.platform-panel__image:nth-of-type(2)","2","0,01%"
"359","#custo>DIV.container:nth-of-type(1)>DIV.cost-grid:nth-of-type(2)>DIV.cost-card.cost-card--orbit:nth-of-type(3)>DIV.cost-total:nth-of-type(7)","2","0,01%"
"360","#planos-preview>DIV.container:nth-of-type(2)>DIV:nth-of-type(3)>DIV:nth-of-type(3)","2","0,01%"
"361","#para-quem>DIV.container:nth-of-type(1)>DIV.pq-grid:nth-of-type(2)>A.pq-card:nth-of-type(1)>DIV.pq-card__content:nth-of-type(1)>H3:nth-of-type(1)","2","0,01%"
"362","#orbitHub>DIV.orbit-hub__node:nth-of-type(3)>DIV.orbit-node-card:nth-of-type(4)>DIV.orbit-node-card__tags:nth-of-type(5)>SPAN.orbit-node-card__tag:nth-of-type(1)","2","0,01%"
"363","#reframe>DIV.container:nth-of-type(1)>DIV.reframe-journey:nth-of-type(2)>DIV.roda:nth-of-type(1)>DIV.roda__scene:nth-of-type(1)>DIV.roda__wheel:nth-of-type(1)>svg.roda__ring:nth-of-type(1)","2","0,01%"
"364","HTML>BODY:nth-of-type(1)>DIV:nth-of-type(2)>FOOTER.footer:nth-of-type(1)>DIV.container:nth-of-type(1)>DIV.footer-grid:nth-of-type(1)>DIV.footer-column:nth-of-type(4)>UL:nth-of-type(1)>LI:nth-of-type(3)>A:nth-of-type(1)","2","0,01%"
"365","#para-quem>DIV.container:nth-of-type(1)>DIV.pq-grid:nth-of-type(2)>A.pq-card:nth-of-type(1)>IMG:nth-of-type(1)","2","0,01%"
"366","#dores>DIV.container:nth-of-type(2)>DIV.section-header.revealed:nth-of-type(1)","2","0,01%"
"367","#lead-form","2","0,01%"
"368","#plataforma>DIV.container:nth-of-type(1)>DIV.platform-panels:nth-of-type(3)>DIV.platform-panel:nth-of-type(7)>DIV.platform-panel__content:nth-of-type(1)>DIV.platform-panel__text:nth-of-type(1)","2","0,01%"
"369","HTML>BODY:nth-of-type(1)>DIV:nth-of-type(2)>FOOTER.footer:nth-of-type(1)>DIV.container:nth-of-type(1)>DIV.footer-grid:nth-of-type(1)>DIV.footer-column:nth-of-type(4)>UL:nth-of-type(1)>LI:nth-of-type(1)>A:nth-of-type(1)","2","0,01%"
"370","HTML>BODY:nth-of-type(1)>DIV:nth-of-type(2)>SECTION.mkt-section:nth-of-type(4)>DIV.container:nth-of-type(2)>DIV.mkt-cards:nth-of-type(2)>DIV.mkt-card:nth-of-type(3)","2","0,01%"
"371","#orbitHub>DIV.orbit-hub__node:nth-of-type(2)>DIV.orbit-hub__node-icon:nth-of-type(1)","2","0,01%"
"372","HTML>BODY:nth-of-type(1)>DIV:nth-of-type(2)>FOOTER.footer:nth-of-type(1)>DIV.container:nth-of-type(1)>DIV.footer-grid:nth-of-type(1)>DIV.footer-column:nth-of-type(3)>UL:nth-of-type(1)>LI:nth-of-type(5)>A:nth-of-type(1)","2","0,01%"
"373","#hiwCinema>DIV.hiw-cinema__step:nth-of-type(2)>DIV.hiw-cinema__card:nth-of-type(2)>DIV.hiw-cinema__scene.hiw-scene-form:nth-of-type(2)>DIV.hiw-form-mockup:nth-of-type(1)>DIV.hiw-form-mockup__body:nth-of-type(2)>DIV.hiw-form-field:nth-of-type(2)>DIV.hiw-form-field__input:nth-of-type(1)","2","0,01%"
"374","#waPhones>DIV.wa-device:nth-of-type(2)>DIV.wa-device__frame:nth-of-type(1)>DIV.wa-input:nth-of-type(4)","2","0,01%"
"375","#solucoes>DIV.container:nth-of-type(1)>DIV:nth-of-type(2)>DIV:nth-of-type(1)>DIV:nth-of-type(11)>A:nth-of-type(1)>DIV:nth-of-type(1)","2","0,01%"
"376","HTML>BODY:nth-of-type(1)>DIV:nth-of-type(2)>SECTION.mkt-section:nth-of-type(4)>DIV.container:nth-of-type(2)>DIV.mkt-header:nth-of-type(1)>DIV.mkt-badge:nth-of-type(1)>SPAN:nth-of-type(1)","2","0,01%"
"377","#custo>DIV.container:nth-of-type(1)>DIV.cost-grid:nth-of-type(2)>DIV.cost-card.cost-card--orbit:nth-of-type(3)>DIV.cost-item:nth-of-type(6)>SPAN.cost-item__label:nth-of-type(1)","2","0,01%"
"378","#plataforma>DIV.container:nth-of-type(1)>DIV.platform-panels:nth-of-type(3)>DIV.platform-panel:nth-of-type(9)>DIV.platform-panel__content:nth-of-type(1)>DIV.platform-panel__image:nth-of-type(2)>DIV.platform-panel__mockup-main:nth-of-type(1)>DIV.pp-mock:nth-of-type(1)>DIV.pp-mock__body:nth-of-type(2)","2","0,01%"
"379","#para-quem>DIV.container:nth-of-type(1)>DIV.pq-grid:nth-of-type(2)>A.pq-card:nth-of-type(3)>DIV.pq-card__content:nth-of-type(1)","2","0,01%"
"380","#plataforma>DIV.container:nth-of-type(1)>DIV.platform-panels:nth-of-type(3)>DIV.platform-panel:nth-of-type(3)>DIV.platform-panel__content:nth-of-type(1)>DIV.platform-panel__text:nth-of-type(1)>H3:nth-of-type(1)","2","0,01%"
"381","#plataforma>DIV.container:nth-of-type(1)>DIV.platform-panels:nth-of-type(3)>DIV.platform-panel:nth-of-type(6)>DIV.platform-panel__content:nth-of-type(1)>DIV.platform-panel__text:nth-of-type(1)>UL.platform-panel__features:nth-of-type(1)>LI:nth-of-type(2)","2","0,01%"
"382","#knowledgeGrid>DIV.knowledge-card:nth-of-type(2)>DIV.knowledge-card__body:nth-of-type(2)>H4:nth-of-type(1)","2","0,01%"
"383","#plataforma>DIV.container:nth-of-type(1)>DIV.platform-panels:nth-of-type(3)>DIV.platform-panel:nth-of-type(2)>DIV.platform-panel__content:nth-of-type(1)>DIV.platform-panel__text:nth-of-type(1)>DIV.platform-panel__badge:nth-of-type(1)","2","0,01%"
"384","#orbitHub>DIV.orbit-hub__node:nth-of-type(11)>DIV.orbit-node-card:nth-of-type(4)>DIV.orbit-node-card__tags:nth-of-type(5)>SPAN.orbit-node-card__tag:nth-of-type(2)","2","0,01%"
"385","#orbitHub>DIV.orbit-hub__node:nth-of-type(9)>DIV.orbit-hub__node-icon:nth-of-type(1)","2","0,01%"
"386","#orbitHub>DIV.orbit-hub__center:nth-of-type(1)","2","0,01%"
"387","#hiwCinema>DIV.hiw-cinema__step:nth-of-type(4)>DIV.hiw-cinema__card:nth-of-type(2)>DIV.hiw-cinema__text:nth-of-type(1)","2","0,01%"
"388","#depoimentos>DIV.container:nth-of-type(1)>DIV.testi-columns:nth-of-type(2)>DIV.testi-column:nth-of-type(1)>DIV.testi-scroll:nth-of-type(1)>DIV.testi-card:nth-of-type(5)>P.testi-quote:nth-of-type(1)","2","0,01%"
"389","HTML>BODY:nth-of-type(1)>DIV:nth-of-type(2)>FOOTER.footer:nth-of-type(1)>DIV.container:nth-of-type(1)>DIV.footer-grid:nth-of-type(1)>DIV.footer-column:nth-of-type(3)>UL:nth-of-type(1)>LI:nth-of-type(4)>A:nth-of-type(1)","2","0,01%"
"390","#depoimentos>DIV.container:nth-of-type(1)>DIV.testi-columns:nth-of-type(2)>DIV.testi-column.testi-column--md:nth-of-type(2)>DIV.testi-scroll:nth-of-type(1)>DIV.testi-card:nth-of-type(3)","2","0,01%"
"391","#depoimentos>DIV.container:nth-of-type(1)>DIV.testi-columns:nth-of-type(2)>DIV.testi-column.testi-column--lg:nth-of-type(3)>DIV.testi-scroll:nth-of-type(1)>DIV.testi-card:nth-of-type(2)>DIV.testi-author:nth-of-type(1)>DIV.testi-info:nth-of-type(2)>DIV.testi-role:nth-of-type(2)","2","0,01%"
"392","#custo>DIV.container:nth-of-type(1)>DIV.cost-grid:nth-of-type(2)>DIV.cost-card.cost-card--manual:nth-of-type(1)>DIV.cost-item:nth-of-type(4)>SPAN.cost-item__value:nth-of-type(2)","2","0,01%"
"393","#plataforma>DIV.container:nth-of-type(1)>DIV.platform-panels:nth-of-type(3)>DIV.platform-panel:nth-of-type(12)>DIV.platform-panel__content:nth-of-type(1)>DIV.platform-panel__text:nth-of-type(1)>UL.platform-panel__features:nth-of-type(1)>LI:nth-of-type(1)","2","0,01%"
"394","#custo>DIV.container:nth-of-type(1)>DIV.cost-grid:nth-of-type(2)>DIV.cost-card.cost-card--manual:nth-of-type(1)>DIV.cost-item:nth-of-type(10)","2","0,01%"
"395","#plataforma>DIV.container:nth-of-type(1)>DIV.platform-panels:nth-of-type(3)>DIV.platform-panel:nth-of-type(3)>DIV.platform-panel__content:nth-of-type(1)>DIV.platform-panel__text:nth-of-type(1)>DIV.platform-panel__badge:nth-of-type(1)","2","0,01%"
"396","HTML>BODY:nth-of-type(1)>DIV:nth-of-type(2)>FOOTER.footer:nth-of-type(1)>DIV.container:nth-of-type(1)>DIV.footer-grid:nth-of-type(1)>DIV.footer-brand:nth-of-type(1)>DIV.footer-logo:nth-of-type(1)","2","0,01%"
"397","#reframe>DIV.container:nth-of-type(1)>DIV.reframe-journey:nth-of-type(2)>DIV.roda:nth-of-type(1)>DIV.roda__scene:nth-of-type(1)>DIV.roda__wheel:nth-of-type(1)>DIV.roda__spinner:nth-of-type(1)>DIV.roda__arm:nth-of-type(3)>DIV.roda__card:nth-of-type(1)>P:nth-of-type(1)","2","0,01%"
"398","#plataforma>DIV.container:nth-of-type(1)>DIV.platform-panels:nth-of-type(3)>DIV.platform-panel:nth-of-type(9)>DIV.platform-panel__content:nth-of-type(1)>DIV.platform-panel__text:nth-of-type(1)>A.btn.btn-primary:nth-of-type(1)","2","0,01%"
"399","#reframe>DIV.container:nth-of-type(1)>DIV.reframe-journey:nth-of-type(2)>DIV.reframe-phase.reframe-phase--win:nth-of-type(3)>DIV.reframe-phase__steps.reframe-orbit-steps:nth-of-type(2)>DIV.reframe-orbit-card:nth-of-type(5)>DIV.reframe-orbit-card__text:nth-of-type(1)>P:nth-of-type(1)","2","0,01%"
"400","#planos-preview>DIV.container:nth-of-type(2)>DIV:nth-of-type(3)>DIV:nth-of-type(2)>DIV:nth-of-type(3)>DIV:nth-of-type(3)","2","0,01%"
"401","#plataforma>DIV.container:nth-of-type(1)>DIV.one-platform__header:nth-of-type(1)>P:nth-of-type(1)","2","0,01%"
"402","#custo>DIV.container:nth-of-type(1)>DIV.cost-grid:nth-of-type(2)>DIV.cost-card.cost-card--orbit:nth-of-type(3)>DIV.cost-item:nth-of-type(5)","2","0,01%"
"403","#solucoes>DIV.container:nth-of-type(1)>DIV:nth-of-type(2)>DIV:nth-of-type(1)>DIV:nth-of-type(12)>A:nth-of-type(1)>DIV:nth-of-type(1)>SPAN:nth-of-type(1)","2","0,01%"
"404","#para-quem>DIV.container:nth-of-type(1)>DIV.pq-grid:nth-of-type(2)>A.pq-card:nth-of-type(2)>DIV.pq-card__content:nth-of-type(1)>H3:nth-of-type(1)","2","0,01%"
"405","#reframe>DIV.container:nth-of-type(1)>DIV.reframe-journey:nth-of-type(2)>DIV.reframe-transition:nth-of-type(2)>DIV.reframe-transition__badge:nth-of-type(2)>SPAN:nth-of-type(1)","2","0,01%"
"406","#planos-preview>DIV.container:nth-of-type(2)>DIV:nth-of-type(3)>DIV:nth-of-type(2)>DIV:nth-of-type(5)","2","0,01%"
"407","#hiwCinema>DIV.hiw-cinema__step:nth-of-type(2)>DIV.hiw-cinema__card:nth-of-type(2)>DIV.hiw-cinema__text:nth-of-type(1)>P:nth-of-type(1)","2","0,01%"
"408","#solucoes>DIV.container:nth-of-type(1)>DIV:nth-of-type(2)>DIV:nth-of-type(1)>DIV:nth-of-type(2)>A:nth-of-type(1)>DIV:nth-of-type(1)>H3:nth-of-type(1)","2","0,01%"
"409","HTML>BODY:nth-of-type(1)>DIV:nth-of-type(2)>HEADER.header:nth-of-type(1)","2","0,01%"
"410","#orbitHub>DIV.orbit-hub__node:nth-of-type(5)>DIV.orbit-hub__node-icon:nth-of-type(1)","2","0,01%"
"411","#orbitHub>DIV.orbit-hub__node:nth-of-type(12)>DIV.orbit-node-card:nth-of-type(4)>DIV.orbit-node-card__tags:nth-of-type(5)>SPAN.orbit-node-card__tag:nth-of-type(1)","2","0,01%"
"412","#para-quem>DIV.container:nth-of-type(1)>DIV.pq-grid:nth-of-type(2)>A.pq-card:nth-of-type(1)>DIV.pq-card__content:nth-of-type(1)>SPAN.pq-card__link:nth-of-type(1)","2","0,01%"
"413","#solucoes>DIV.container:nth-of-type(1)>DIV.solutions-carousel__header:nth-of-type(1)>H2:nth-of-type(1)","2","0,01%"
"414","#waArrowLeft>I.fas.fa-chevron-left:nth-of-type(1)","2","0,01%"
"415","#custo>DIV.container:nth-of-type(1)>DIV.cost-grid:nth-of-type(2)>DIV.cost-card.cost-card--orbit:nth-of-type(3)>DIV.cost-item:nth-of-type(3)","2","0,01%"
"416","#orbitHub>DIV.orbit-hub__node:nth-of-type(13)>DIV.orbit-node-card:nth-of-type(4)","2","0,01%"
"417","#solucoes>DIV.container:nth-of-type(1)>DIV:nth-of-type(2)>DIV:nth-of-type(1)>DIV:nth-of-type(6)>A:nth-of-type(1)>DIV:nth-of-type(1)","2","0,01%"
"418","#hiwCinema>DIV.hiw-cinema__step:nth-of-type(4)>DIV.hiw-cinema__card:nth-of-type(2)","2","0,01%"
"419","HTML>BODY:nth-of-type(1)>DIV:nth-of-type(2)>SECTION.mkt-section:nth-of-type(4)>DIV.container:nth-of-type(2)","2","0,01%"
"420","#plataforma>DIV.container:nth-of-type(1)>DIV.platform-panels:nth-of-type(3)>DIV.platform-panel:nth-of-type(5)>DIV.platform-panel__content:nth-of-type(1)>DIV.platform-panel__text:nth-of-type(1)>A.btn.btn-primary:nth-of-type(1)","2","0,01%"
"421","#hiwCinema>DIV.hiw-cinema__step:nth-of-type(4)>DIV.hiw-cinema__card:nth-of-type(2)>DIV.hiw-cinema__scene.hiw-scene-validate:nth-of-type(2)>DIV.hiw-validate-screen:nth-of-type(1)>DIV.hiw-validate-list:nth-of-type(2)>DIV.hiw-validate-item:nth-of-type(3)","2","0,01%"
"422","#hiwCinema>DIV.hiw-cinema__step:nth-of-type(2)>DIV.hiw-cinema__card:nth-of-type(2)>DIV.hiw-cinema__scene.hiw-scene-form:nth-of-type(2)>DIV.hiw-form-mockup:nth-of-type(1)>DIV.hiw-form-mockup__body:nth-of-type(2)>DIV.hiw-form-btn:nth-of-type(4)","2","0,01%"
"423","#depoimentos>DIV.container:nth-of-type(1)>DIV.testi-columns:nth-of-type(2)>DIV.testi-column:nth-of-type(1)>DIV.testi-scroll:nth-of-type(1)>DIV.testi-card:nth-of-type(4)","2","0,01%"
"424","#plataforma>DIV.container:nth-of-type(1)>DIV.platform-panels:nth-of-type(3)>DIV.platform-panel:nth-of-type(3)>DIV.platform-panel__content:nth-of-type(1)>DIV.platform-panel__text:nth-of-type(1)","2","0,01%"
"425","#plataforma>DIV.container:nth-of-type(1)>DIV.platform-panels:nth-of-type(3)>DIV.platform-panel:nth-of-type(7)>DIV.platform-panel__content:nth-of-type(1)>DIV.platform-panel__text:nth-of-type(1)>UL.platform-panel__features:nth-of-type(1)>LI:nth-of-type(2)","2","0,01%"
"426","#contato-form>DIV.container:nth-of-type(1)>DIV.cta-form-grid:nth-of-type(1)","2","0,01%"
"427","HTML>BODY:nth-of-type(1)>DIV:nth-of-type(2)>DIV.mobile-menu:nth-of-type(2)>DIV.mobile-menu__body:nth-of-type(2)>A:nth-of-type(1)>SPAN:nth-of-type(1)","2","0,01%"
"428","HTML>BODY:nth-of-type(1)>DIV:nth-of-type(2)>HEADER.header.scrolled:nth-of-type(1)","2","0,01%"
"429","#plataforma>DIV.container:nth-of-type(1)>DIV.platform-panels:nth-of-type(3)>DIV.platform-panel:nth-of-type(7)>DIV.platform-panel__content:nth-of-type(1)>DIV.platform-panel__text:nth-of-type(1)>DIV.platform-panel__badge:nth-of-type(1)","2","0,01%"
"430","#depoimentos>DIV.container:nth-of-type(1)>DIV.testi-columns:nth-of-type(2)","2","0,01%"
"431","#plataforma>DIV.container:nth-of-type(1)>DIV.platform-panels:nth-of-type(3)>DIV.platform-panel:nth-of-type(2)>DIV.platform-panel__content:nth-of-type(1)>DIV.platform-panel__text:nth-of-type(1)>UL.platform-panel__features:nth-of-type(1)>LI:nth-of-type(2)","2","0,01%"
"432","#solucoes>DIV.container:nth-of-type(1)>DIV:nth-of-type(2)>DIV:nth-of-type(1)>DIV:nth-of-type(10)>A:nth-of-type(1)>IMG:nth-of-type(1)","2","0,01%"
"433","#orbitHub>DIV.orbit-hub__node:nth-of-type(13)>DIV.orbit-hub__node-label:nth-of-type(2)","2","0,01%"
"434","#para-quem>DIV.container:nth-of-type(1)>DIV.pq-grid.revealed:nth-of-type(2)","2","0,01%"
"435","#custo>DIV.container:nth-of-type(1)>DIV.cost-grid:nth-of-type(2)>DIV.cost-card.cost-card--manual:nth-of-type(1)>DIV.cost-item:nth-of-type(3)>SPAN.cost-item__label:nth-of-type(1)","2","0,01%"
"436","#depoimentos>DIV.container:nth-of-type(1)>DIV.testi-columns:nth-of-type(2)>DIV.testi-column.testi-column--lg:nth-of-type(3)>DIV.testi-scroll:nth-of-type(1)>DIV.testi-card:nth-of-type(5)","2","0,01%"
"437","#waPhones>DIV.wa-device:nth-of-type(2)>DIV.wa-device__frame:nth-of-type(1)","2","0,01%"
"438","#solucoes>DIV.container:nth-of-type(1)>DIV:nth-of-type(2)>DIV:nth-of-type(1)>DIV:nth-of-type(7)>A:nth-of-type(1)>DIV:nth-of-type(1)>SPAN:nth-of-type(1)","2","0,01%"
"439","#solucoes>DIV.container:nth-of-type(1)>DIV:nth-of-type(2)>DIV:nth-of-type(1)>DIV:nth-of-type(1)>A:nth-of-type(1)>DIV:nth-of-type(1)>P:nth-of-type(1)","2","0,01%"
"440","#plataforma>DIV.container:nth-of-type(1)>DIV.platform-panels:nth-of-type(3)>DIV.platform-panel:nth-of-type(1)>DIV.platform-panel__content:nth-of-type(1)","2","0,01%"
"441","#depoimentos>DIV.container:nth-of-type(1)>DIV.testi-columns:nth-of-type(2)>DIV.testi-column.testi-column--lg:nth-of-type(3)>DIV.testi-scroll:nth-of-type(1)>DIV.testi-card:nth-of-type(4)>P.testi-quote:nth-of-type(1)","2","0,01%"
"442","#custo>DIV.container:nth-of-type(1)>DIV.cost-grid:nth-of-type(2)>DIV.cost-card.cost-card--manual:nth-of-type(1)>DIV.cost-total:nth-of-type(14)>SPAN.cost-total__label:nth-of-type(1)","2","0,01%"
"443","#orbitHub>DIV.orbit-hub__center:nth-of-type(1)>DIV.orbit-hub__name:nth-of-type(3)","2","0,01%"
"444","#plataforma>DIV.container:nth-of-type(1)>DIV.platform-panels:nth-of-type(3)>DIV.platform-panel:nth-of-type(11)>DIV.platform-panel__content:nth-of-type(1)>DIV.platform-panel__text:nth-of-type(1)>A.btn.btn-primary:nth-of-type(1)","2","0,01%"
"445","#conhecimento>DIV.container:nth-of-type(1)>DIV.section-header:nth-of-type(1)>H2:nth-of-type(1)","2","0,01%"
"446","HTML>BODY:nth-of-type(1)>DIV:nth-of-type(2)>FOOTER.footer:nth-of-type(1)>DIV.container:nth-of-type(1)>DIV.footer-grid:nth-of-type(1)>DIV.footer-brand:nth-of-type(1)>DIV.social-hover:nth-of-type(2)>A.social-hover__item:nth-of-type(2)","2","0,01%"
"447","#waPhones>DIV.wa-device:nth-of-type(1)>DIV.wa-device__frame:nth-of-type(1)>DIV.wa-chat:nth-of-type(3)>DIV.wa-row.wa-row--right.wa-row--hidden:nth-of-type(4)>DIV.wa-bubble.wa-bubble--green:nth-of-type(1)>P:nth-of-type(1)","2","0,01%"
"448","#hiwCinema>DIV.hiw-cinema__step:nth-of-type(4)>DIV.hiw-cinema__card:nth-of-type(2)>DIV.hiw-cinema__scene.hiw-scene-validate:nth-of-type(2)>DIV.hiw-validate-screen:nth-of-type(1)>DIV.hiw-validate-list:nth-of-type(2)>DIV.hiw-validate-item:nth-of-type(3)>SPAN.hiw-validate-item__badge.hiw-validate-item__badge--adjust:nth-of-type(2)","2","0,01%"
"449","#waPhones>DIV.wa-device:nth-of-type(3)>DIV.wa-device__frame:nth-of-type(1)>DIV.wa-chat:nth-of-type(3)>DIV.wa-row.wa-row--left.wa-row--hidden:nth-of-type(5)>DIV.wa-bubble.wa-bubble--dark:nth-of-type(1)>P:nth-of-type(1)","2","0,01%"
"450","#orbitHub>DIV.orbit-hub__node:nth-of-type(3)>DIV.orbit-node-card:nth-of-type(4)>DIV.orbit-node-card__tags:nth-of-type(5)>SPAN.orbit-node-card__tag:nth-of-type(2)","2","0,01%"
"451","#waPhones>DIV.wa-device:nth-of-type(1)>DIV.wa-device__frame:nth-of-type(1)>DIV.wa-chat:nth-of-type(3)","2","0,01%"
"452","#custo>DIV.container:nth-of-type(1)>DIV.cost-grid:nth-of-type(2)>DIV.cost-card.cost-card--manual:nth-of-type(1)>DIV.cost-item:nth-of-type(11)","2","0,01%"
"453","#olivia>DIV.container:nth-of-type(1)>DIV.olivia-intro.revealed:nth-of-type(1)","2","0,01%"
"454","HTML>BODY:nth-of-type(1)>DIV:nth-of-type(2)>SECTION.stats-banner:nth-of-type(11)>DIV.container:nth-of-type(1)>DIV.stats-banner__grid:nth-of-type(1)>DIV.stats-banner__item:nth-of-type(1)>SPAN.stats-banner__label:nth-of-type(2)","1","0,00%"
"455","#hiwCinema>DIV.hiw-cinema__step:nth-of-type(2)>DIV.hiw-cinema__card:nth-of-type(2)>DIV.hiw-cinema__scene.hiw-scene-form:nth-of-type(2)>DIV.hiw-form-mockup:nth-of-type(1)>DIV.hiw-form-mockup__body:nth-of-type(2)>DIV.hiw-form-field:nth-of-type(1)>DIV.hiw-form-field__input:nth-of-type(1)>SPAN.hiw-typing:nth-of-type(1)","1","0,00%"
"456","HTML>BODY:nth-of-type(1)>DIV:nth-of-type(2)>FOOTER.footer:nth-of-type(1)>DIV.container:nth-of-type(1)>DIV.footer-grid:nth-of-type(1)>DIV.footer-brand:nth-of-type(1)>DIV.social-hover:nth-of-type(2)","1","0,00%"
"457","#reframe>DIV.container:nth-of-type(1)>DIV.reframe-journey:nth-of-type(2)>DIV.roda:nth-of-type(1)>DIV.roda__scene:nth-of-type(1)","1","0,00%"
"458","#plataforma>DIV.container:nth-of-type(1)>DIV.platform-panels:nth-of-type(3)>DIV.platform-panel:nth-of-type(10)>DIV.platform-panel__content:nth-of-type(1)>DIV.platform-panel__text:nth-of-type(1)>P:nth-of-type(1)","1","0,00%"
"459","#plataforma>DIV.container:nth-of-type(1)>DIV.platform-panels:nth-of-type(3)>DIV.platform-panel:nth-of-type(7)>DIV.platform-panel__content:nth-of-type(1)>DIV.platform-panel__text:nth-of-type(1)>H3:nth-of-type(1)","1","0,00%"
"460","#olivia>DIV.container:nth-of-type(1)>DIV.olivia-intro:nth-of-type(1)>DIV:nth-of-type(1)>DIV:nth-of-type(1)","1","0,00%"
"461","#waPhones>DIV.wa-device:nth-of-type(3)>DIV.wa-device__frame:nth-of-type(1)>DIV.wa-chat:nth-of-type(3)>DIV.wa-row.wa-row--left.wa-row--hidden:nth-of-type(5)>DIV.wa-bubble.wa-bubble--dark:nth-of-type(1)>SPAN.wa-bubble__sender:nth-of-type(1)","1","0,00%"
"462","#reframe>DIV.container:nth-of-type(1)>DIV.reframe-journey:nth-of-type(2)>DIV.roda:nth-of-type(1)>DIV.roda__scene:nth-of-type(1)>DIV.roda__wheel:nth-of-type(1)>DIV.roda__spinner:nth-of-type(1)>DIV.roda__arm:nth-of-type(3)>DIV.roda__card:nth-of-type(1)>STRONG:nth-of-type(1)","1","0,00%"
"463","#hiwCinema>DIV.hiw-cinema__step:nth-of-type(4)>DIV.hiw-cinema__card:nth-of-type(2)>DIV.hiw-cinema__scene.hiw-scene-validate:nth-of-type(2)>DIV.hiw-validate-screen:nth-of-type(1)>DIV.hiw-validate-list:nth-of-type(2)>DIV.hiw-validate-item:nth-of-type(3)>DIV.hiw-validate-item__check.hiw-validate-item__check--adjust:nth-of-type(1)>I.fas.fa-pen:nth-of-type(1)","1","0,00%"
"464","#hiwCinema>DIV.hiw-cinema__step:nth-of-type(2)>DIV.hiw-cinema__card:nth-of-type(2)>DIV.hiw-cinema__scene.hiw-scene-form:nth-of-type(2)>DIV.hiw-form-mockup:nth-of-type(1)>DIV.hiw-form-mockup__body:nth-of-type(2)>DIV.hiw-form-field:nth-of-type(1)>DIV.hiw-form-field__input:nth-of-type(1)","1","0,00%"
"465","#orbitHub>DIV.orbit-hub__node:nth-of-type(7)>DIV.orbit-hub__node-icon:nth-of-type(1)>I.fas.fa-magnifying-glass-chart:nth-of-type(1)","1","0,00%"
"466","#plataforma>DIV.container:nth-of-type(1)>DIV.platform-panels:nth-of-type(3)>DIV.platform-panel:nth-of-type(12)>DIV.platform-panel__content:nth-of-type(1)>DIV.platform-panel__text:nth-of-type(1)","1","0,00%"
"467","#waPhones>DIV.wa-device:nth-of-type(1)>DIV.wa-device__frame:nth-of-type(1)>DIV.wa-input:nth-of-type(4)>DIV.wa-input__field:nth-of-type(1)","1","0,00%"
"468","#plataforma>DIV.container:nth-of-type(1)>DIV.platform-panels:nth-of-type(3)>DIV.platform-panel:nth-of-type(4)>DIV.platform-panel__content:nth-of-type(1)>DIV.platform-panel__image:nth-of-type(2)>DIV.platform-panel__mockup-main:nth-of-type(1)>DIV.pp-mock:nth-of-type(1)>DIV.pp-mock__body:nth-of-type(2)","1","0,00%"
"469","#plataforma>DIV.container:nth-of-type(1)>DIV.platform-panels:nth-of-type(3)>DIV.platform-panel:nth-of-type(8)>DIV.platform-panel__content:nth-of-type(1)>DIV.platform-panel__image:nth-of-type(2)>DIV.platform-panel__mockup-main:nth-of-type(1)>DIV.pp-mock:nth-of-type(1)>DIV.pp-mock__body:nth-of-type(2)>DIV.pp-mock__big-number:nth-of-type(6)>SMALL:nth-of-type(1)","1","0,00%"
"470","HTML>BODY:nth-of-type(1)>DIV:nth-of-type(2)>DIV.mobile-menu:nth-of-type(2)>DIV.mobile-menu__body:nth-of-type(2)>DIV.mobile-menu__dropdown:nth-of-type(2)>BUTTON.mobile-menu__dropdown-toggle:nth-of-type(1)","1","0,00%"
"471","HTML>BODY:nth-of-type(1)>DIV:nth-of-type(2)>FOOTER.footer:nth-of-type(1)>DIV.container:nth-of-type(1)>DIV.footer-grid:nth-of-type(1)>DIV.footer-column:nth-of-type(4)>UL:nth-of-type(1)>LI:nth-of-type(2)","1","0,00%"
"472","#waPhones>DIV.wa-device:nth-of-type(2)>DIV.wa-device__frame:nth-of-type(1)>DIV.wa-chat:nth-of-type(3)>DIV.wa-row.wa-row--left.wa-row--hidden:nth-of-type(3)>DIV.wa-bubble.wa-bubble--dark:nth-of-type(1)>SPAN.wa-bubble__meta:nth-of-type(2)","1","0,00%"
"473","#orbitHub>DIV.orbit-hub__node:nth-of-type(6)>DIV.orbit-hub__node-label:nth-of-type(2)","1","0,00%"
"474","#solucoes>DIV.container:nth-of-type(1)>DIV:nth-of-type(2)>DIV:nth-of-type(1)>DIV:nth-of-type(1)>A:nth-of-type(1)>DIV:nth-of-type(1)>H3:nth-of-type(1)","1","0,00%"
"475","#hiwCinema>DIV.hiw-cinema__step:nth-of-type(3)>DIV.hiw-cinema__card:nth-of-type(2)>DIV.hiw-cinema__scene.hiw-scene-agents:nth-of-type(2)>DIV.hiw-agents-grid:nth-of-type(1)>DIV.hiw-agent:nth-of-type(2)","1","0,00%"
"476","#plataforma>DIV.container:nth-of-type(1)>DIV.platform-panels:nth-of-type(3)>DIV.platform-panel:nth-of-type(3)>DIV.platform-panel__content:nth-of-type(1)>DIV.platform-panel__image:nth-of-type(2)>DIV.platform-panel__mockup-main:nth-of-type(1)>DIV.pp-mock:nth-of-type(1)>DIV.pp-mock__body:nth-of-type(2)>DIV.pp-mock__row:nth-of-type(6)","1","0,00%"
"477","#backToTop","1","0,00%"
"478","#depoimentos>DIV.container:nth-of-type(1)>DIV.testi-columns:nth-of-type(2)>DIV.testi-column:nth-of-type(1)>DIV.testi-scroll:nth-of-type(1)","1","0,00%"
"479","#plataforma>DIV.container:nth-of-type(1)>DIV.platform-panels:nth-of-type(3)>DIV.platform-panel:nth-of-type(8)>DIV.platform-panel__content:nth-of-type(1)>DIV.platform-panel__text:nth-of-type(1)>P:nth-of-type(1)","1","0,00%"
"480","HTML>BODY:nth-of-type(1)>DIV:nth-of-type(2)>DIV.mobile-menu:nth-of-type(2)>DIV.mobile-menu__body:nth-of-type(2)>A:nth-of-type(1)","1","0,00%"
"481","#planos-preview>DIV.container:nth-of-type(2)>DIV:nth-of-type(3)>DIV:nth-of-type(3)>UL:nth-of-type(1)>LI:nth-of-type(1)","1","0,00%"
"482","#orbitHub>DIV.orbit-hub__node:nth-of-type(2)>DIV.orbit-node-card:nth-of-type(4)>DIV.orbit-node-card__text:nth-of-type(3)","1","0,00%"
"483","#hiwCinema>DIV.hiw-cinema__step:nth-of-type(4)","1","0,00%"
"484","#orbitHub>DIV.orbit-hub__node:nth-of-type(13)>DIV.orbit-hub__node-desc:nth-of-type(3)","1","0,00%"
"485","#planos-preview>DIV.container:nth-of-type(2)>DIV:nth-of-type(3)>DIV:nth-of-type(3)>UL:nth-of-type(1)>LI:nth-of-type(2)","1","0,00%"
"486","#waPhones>DIV.wa-device:nth-of-type(2)>DIV.wa-device__frame:nth-of-type(1)>DIV.wa-chat:nth-of-type(3)>DIV.wa-row.wa-row--left:nth-of-type(5)","1","0,00%"
"487","#home>DIV.container:nth-of-type(3)>DIV.hero-zoom__header:nth-of-type(1)>DIV.hero-zoom__credentials:nth-of-type(2)>DIV.hero-zoom__credential:nth-of-type(5)","1","0,00%"
"488","#depoimentos>DIV.container:nth-of-type(1)>DIV.testi-columns:nth-of-type(2)>DIV.testi-column:nth-of-type(1)>DIV.testi-scroll:nth-of-type(1)>DIV.testi-card:nth-of-type(1)>P.testi-quote:nth-of-type(1)","1","0,00%"
"489","HTML>BODY:nth-of-type(1)>DIV:nth-of-type(2)>SECTION.mkt-section:nth-of-type(4)>DIV.container:nth-of-type(2)>DIV.mkt-cards:nth-of-type(2)>DIV.mkt-card.mkt-card--highlight:nth-of-type(1)>DIV.mkt-card__footer:nth-of-type(2)>DIV.mkt-card__source:nth-of-type(1)","1","0,00%"
"490","#solucoes>DIV.container:nth-of-type(1)>DIV:nth-of-type(2)>DIV:nth-of-type(1)>DIV:nth-of-type(6)>A:nth-of-type(1)>IMG:nth-of-type(1)","1","0,00%"
"491","#orbitHub>DIV.orbit-hub__node:nth-of-type(10)>DIV.orbit-node-card:nth-of-type(4)>DIV.orbit-node-card__tags:nth-of-type(5)>SPAN.orbit-node-card__tag:nth-of-type(3)","1","0,00%"
"492","#depoimentos>DIV.container:nth-of-type(1)>DIV.testi-columns:nth-of-type(2)>DIV.testi-column.testi-column--lg:nth-of-type(3)>DIV.testi-scroll:nth-of-type(1)>DIV.testi-card:nth-of-type(2)>DIV.testi-author:nth-of-type(1)>DIV.testi-info:nth-of-type(2)","1","0,00%"
"493","#home>DIV.container:nth-of-type(3)>DIV.hero-zoom__header:nth-of-type(1)>DIV.hero-zoom__credentials:nth-of-type(2)>DIV.hero-zoom__credential:nth-of-type(1)","1","0,00%"
"494","#waPhones>DIV.wa-device:nth-of-type(2)>DIV.wa-device__frame:nth-of-type(1)>DIV.wa-chat:nth-of-type(3)>DIV.wa-row.wa-row--right.wa-row--hidden:nth-of-type(2)>DIV.wa-bubble.wa-bubble--green:nth-of-type(1)","1","0,00%"
"495","#custo>DIV.container:nth-of-type(1)>DIV.cost-grid:nth-of-type(2)>DIV.cost-card.cost-card--manual:nth-of-type(1)>DIV.cost-card__title:nth-of-type(1)>I.fa-solid.fa-circle-xmark:nth-of-type(1)","1","0,00%"
"496","#solucoes>DIV.container:nth-of-type(1)>DIV:nth-of-type(2)>DIV:nth-of-type(1)>DIV:nth-of-type(5)>A:nth-of-type(1)>DIV:nth-of-type(1)>SPAN:nth-of-type(1)","1","0,00%"
"497","#plataforma>DIV.container:nth-of-type(1)>DIV.platform-panels:nth-of-type(3)>DIV.platform-panel:nth-of-type(8)>DIV.platform-panel__content:nth-of-type(1)>DIV.platform-panel__image:nth-of-type(2)>DIV.platform-panel__mockup-main:nth-of-type(1)>DIV.pp-mock:nth-of-type(1)>DIV.pp-mock__body:nth-of-type(2)","1","0,00%"
"498","#waPhones>DIV.wa-device:nth-of-type(1)>DIV.wa-device__frame:nth-of-type(1)>DIV.wa-chat:nth-of-type(3)>DIV.wa-row.wa-row--right:nth-of-type(4)","1","0,00%"
"499","#depoimentos>DIV.container:nth-of-type(1)>DIV.testi-columns:nth-of-type(2)>DIV.testi-column:nth-of-type(1)>DIV.testi-scroll:nth-of-type(1)>DIV.testi-card:nth-of-type(1)>DIV.testi-author:nth-of-type(1)>DIV.testi-info:nth-of-type(2)","1","0,00%"
"500","#plataforma>DIV.container:nth-of-type(1)>DIV.platform-panels:nth-of-type(3)>DIV.platform-panel:nth-of-type(6)>DIV.platform-panel__content:nth-of-type(1)>DIV.platform-panel__text:nth-of-type(1)>UL.platform-panel__features:nth-of-type(1)>LI:nth-of-type(3)","1","0,00%"
"501","#plataforma>DIV.container:nth-of-type(1)>DIV.platform-panels:nth-of-type(3)>DIV.platform-panel:nth-of-type(7)>DIV.platform-panel__content:nth-of-type(1)>DIV.platform-panel__image:nth-of-type(2)>DIV.platform-panel__mockup-main:nth-of-type(1)>DIV.pp-mock:nth-of-type(1)>DIV.pp-mock__body:nth-of-type(2)>DIV.pp-mock__risk-matrix:nth-of-type(2)>DIV.pp-mock__risk-cell:nth-of-type(1)","1","0,00%"
"502","#olivia>DIV.container:nth-of-type(1)>DIV.olivia-intro:nth-of-type(1)>DIV:nth-of-type(2)>DIV:nth-of-type(1)","1","0,00%"
"503","#conhecimento>DIV.container:nth-of-type(1)","1","0,00%"
"504","HTML>BODY:nth-of-type(1)>DIV:nth-of-type(2)>SECTION.mkt-section:nth-of-type(4)>DIV.container:nth-of-type(2)>DIV.mkt-cards:nth-of-type(2)>DIV.mkt-card.mkt-card--highlight:nth-of-type(1)>DIV.mkt-card__footer:nth-of-type(2)>DIV.mkt-card__date:nth-of-type(2)","1","0,00%"
"505","HTML>BODY:nth-of-type(1)>DIV:nth-of-type(2)>HEADER.header:nth-of-type(1)>DIV.container:nth-of-type(1)>UL.nav-menu:nth-of-type(1)>LI:nth-of-type(2)>DIV.dropdown.dropdown--sm:nth-of-type(1)>DIV.dropdown__links:nth-of-type(1)>A:nth-of-type(1)>DIV.dd-icon:nth-of-type(1)>I.fas.fa-building:nth-of-type(1)","1","0,00%"
"506","#orbitHub>DIV.orbit-hub__node:nth-of-type(12)>DIV.orbit-hub__node-icon:nth-of-type(1)>I.fas.fa-handshake:nth-of-type(1)","1","0,00%"
"507","#agentes>DIV.revealed:nth-of-type(1)","1","0,00%"
"508","#plataforma>DIV.container:nth-of-type(1)>DIV.platform-panels:nth-of-type(3)>DIV.platform-panel:nth-of-type(6)>DIV.platform-panel__content:nth-of-type(1)>DIV.platform-panel__text:nth-of-type(1)>P:nth-of-type(1)","1","0,00%"
"509","#solucoes>DIV.container:nth-of-type(1)>DIV:nth-of-type(2)>DIV:nth-of-type(1)>DIV:nth-of-type(7)>A:nth-of-type(1)>IMG:nth-of-type(1)","1","0,00%"
"510","#plataforma>DIV.container:nth-of-type(1)>DIV.platform-panels:nth-of-type(3)>DIV.platform-panel:nth-of-type(6)>DIV.platform-panel__content:nth-of-type(1)>DIV.platform-panel__text:nth-of-type(1)>DIV.platform-panel__badge:nth-of-type(1)","1","0,00%"
"511","#plataforma>DIV.container:nth-of-type(1)>DIV.platform-panels:nth-of-type(3)>DIV.platform-panel:nth-of-type(6)>DIV.platform-panel__content:nth-of-type(1)>DIV.platform-panel__text:nth-of-type(1)>UL.platform-panel__features:nth-of-type(1)>LI:nth-of-type(4)","1","0,00%"
"512","#knowledgeGrid","1","0,00%"
"513","#planos-preview>DIV.container:nth-of-type(2)>DIV:nth-of-type(4)>DIV:nth-of-type(1)>DIV:nth-of-type(3)","1","0,00%"
"514","#custo>DIV.container:nth-of-type(1)>DIV.cost-grid:nth-of-type(2)>DIV.cost-card.cost-card--manual:nth-of-type(1)>DIV.cost-item:nth-of-type(6)>SPAN.cost-item__value:nth-of-type(2)","1","0,00%"
"515","#waDots>BUTTON.wa-dot:nth-of-type(2)","1","0,00%"
"516","HTML>BODY:nth-of-type(1)>DIV:nth-of-type(2)>SECTION.mkt-section:nth-of-type(4)>DIV.container:nth-of-type(2)>DIV.mkt-cards:nth-of-type(2)>DIV.mkt-card.mkt-card--highlight:nth-of-type(1)>P.mkt-card__headline:nth-of-type(1)>STRONG:nth-of-type(1)","1","0,00%"
"517","#orbitHub>DIV.orbit-hub__node:nth-of-type(4)>DIV.orbit-hub__node-icon:nth-of-type(1)","1","0,00%"
"518","#orbitHub>DIV.orbit-hub__node:nth-of-type(6)>DIV.orbit-node-card:nth-of-type(4)>DIV.orbit-node-card__status:nth-of-type(1)","1","0,00%"
"519","#orbitHub>DIV.orbit-hub__node:nth-of-type(11)>DIV.orbit-hub__node-icon:nth-of-type(1)>I.fas.fa-file-lines:nth-of-type(1)","1","0,00%"
"520","#plataforma>DIV.container:nth-of-type(1)>DIV.platform-panels:nth-of-type(3)>DIV.platform-panel:nth-of-type(9)>DIV.platform-panel__content:nth-of-type(1)>DIV.platform-panel__text:nth-of-type(1)>UL.platform-panel__features:nth-of-type(1)","1","0,00%"
"521","#plataforma>DIV.container:nth-of-type(1)>DIV.platform-panels:nth-of-type(3)>DIV.platform-panel:nth-of-type(2)>DIV.platform-panel__content:nth-of-type(1)>DIV.platform-panel__image:nth-of-type(2)>DIV.platform-panel__mockup-main:nth-of-type(1)>DIV.pp-mock:nth-of-type(1)>DIV.pp-mock__body:nth-of-type(2)>DIV.pp-mock__flow:nth-of-type(2)>DIV.pp-mock__flow-step:nth-of-type(5)","1","0,00%"
"522","#olivia>DIV.container:nth-of-type(1)>DIV.olivia-intro:nth-of-type(1)>DIV:nth-of-type(2)>P:nth-of-type(1)","1","0,00%"
"523","#waPhones>DIV.wa-device:nth-of-type(3)>DIV.wa-device__frame:nth-of-type(1)>DIV.wa-chat:nth-of-type(3)>DIV.wa-row.wa-row--right.wa-row--hidden:nth-of-type(2)>DIV.wa-bubble.wa-bubble--green:nth-of-type(1)","1","0,00%"
"524","#manifesto>DIV.container:nth-of-type(1)","1","0,00%"
"525","#reframe>DIV.container:nth-of-type(1)>DIV.reframe-journey:nth-of-type(2)>DIV.roda:nth-of-type(1)>DIV.roda__scene:nth-of-type(1)>DIV.roda__wheel:nth-of-type(1)>DIV.roda__spinner:nth-of-type(1)>DIV.roda__arm:nth-of-type(2)>DIV.roda__card:nth-of-type(1)>P:nth-of-type(1)","1","0,00%"
"526","#contato-form>DIV.container:nth-of-type(1)>DIV.cta-form-grid:nth-of-type(1)>DIV.cta-form-card:nth-of-type(2)>DIV.form-card-header:nth-of-type(1)>H3:nth-of-type(1)","1","0,00%"
"527","HTML>BODY:nth-of-type(1)>DIV:nth-of-type(2)>SECTION.mkt-section:nth-of-type(4)>DIV.container:nth-of-type(2)>DIV.mkt-cards:nth-of-type(2)>DIV.mkt-card:nth-of-type(2)>DIV.mkt-card__footer:nth-of-type(2)>DIV.mkt-card__source:nth-of-type(1)","1","0,00%"
"528","#reframe>DIV.container:nth-of-type(1)>DIV.reframe-journey:nth-of-type(2)>DIV.reframe-phase.reframe-phase--win:nth-of-type(3)>DIV.reframe-phase__steps.reframe-orbit-steps:nth-of-type(2)>DIV.reframe-orbit-card:nth-of-type(1)>DIV.reframe-orbit-card__scene:nth-of-type(2)","1","0,00%"
"529","HTML>BODY:nth-of-type(1)>DIV:nth-of-type(2)>DIV.mobile-menu:nth-of-type(2)>DIV.mobile-menu__body:nth-of-type(2)>DIV.mobile-menu__dropdown:nth-of-type(2)>BUTTON.mobile-menu__dropdown-toggle:nth-of-type(1)>SPAN:nth-of-type(1)","1","0,00%"
"530","#lead-form>DIV.form-group:nth-of-type(4)","1","0,00%"
"531","HTML>BODY:nth-of-type(1)>DIV:nth-of-type(2)>FOOTER.footer:nth-of-type(1)>DIV.container:nth-of-type(1)>DIV.footer-grid:nth-of-type(1)>DIV.footer-column:nth-of-type(3)>UL:nth-of-type(1)>LI:nth-of-type(6)>A:nth-of-type(1)","1","0,00%"
"532","#plataforma>DIV.container:nth-of-type(1)>DIV.platform-panels:nth-of-type(3)>DIV.platform-panel:nth-of-type(7)>DIV.platform-panel__content:nth-of-type(1)>DIV.platform-panel__text:nth-of-type(1)>A.btn.btn-primary:nth-of-type(1)","1","0,00%"
"533","#heroRotate","1","0,00%"
"534","#plataforma>DIV.container:nth-of-type(1)>DIV.platform-panels:nth-of-type(3)>DIV.platform-panel:nth-of-type(8)>DIV.platform-panel__content:nth-of-type(1)>DIV.platform-panel__text:nth-of-type(1)","1","0,00%"
"535","#custo>DIV.container:nth-of-type(1)>DIV.cost-grid:nth-of-type(2)>DIV.cost-card.cost-card--orbit:nth-of-type(3)>DIV.cost-item:nth-of-type(2)","1","0,00%"
"536","#plataforma>DIV.container:nth-of-type(1)>DIV.platform-panels:nth-of-type(3)>DIV.platform-panel:nth-of-type(4)>DIV.platform-panel__content:nth-of-type(1)>DIV.platform-panel__text:nth-of-type(1)>P:nth-of-type(1)","1","0,00%"
"537","#reframe>DIV.container:nth-of-type(1)>DIV.reframe-journey:nth-of-type(2)>DIV.roda:nth-of-type(1)>DIV.roda__scene:nth-of-type(1)>DIV.roda__wheel:nth-of-type(1)>DIV.roda__spinner:nth-of-type(1)>DIV.roda__arm:nth-of-type(1)>DIV.roda__card:nth-of-type(1)>P:nth-of-type(1)","1","0,00%"
"538","#reframe>DIV.container:nth-of-type(1)>DIV.reframe-journey:nth-of-type(2)>DIV.roda:nth-of-type(1)>DIV.roda__scene:nth-of-type(1)>DIV.roda__wheel:nth-of-type(1)>DIV.roda__hub:nth-of-type(2)>DIV.roda__hub-outer:nth-of-type(1)>DIV.roda__hub-inner:nth-of-type(1)>I.fas.fa-infinity:nth-of-type(1)","1","0,00%"
"539","#platformDock>BUTTON.dock-item:nth-of-type(7)","1","0,00%"
"540","HTML>BODY:nth-of-type(1)>DIV:nth-of-type(2)>SECTION.mkt-section:nth-of-type(4)>DIV.container:nth-of-type(2)>DIV.mkt-cards:nth-of-type(2)>DIV.mkt-card:nth-of-type(3)>DIV.mkt-card__footer:nth-of-type(2)>DIV.mkt-card__date:nth-of-type(2)","1","0,00%"
"541","#waPhones>DIV.wa-device:nth-of-type(2)>DIV.wa-device__frame:nth-of-type(1)>DIV.wa-chat:nth-of-type(3)>DIV.wa-row.wa-row--right.wa-row--hidden:nth-of-type(2)>DIV.wa-bubble.wa-bubble--green:nth-of-type(1)>P:nth-of-type(1)","1","0,00%"
"542","HTML>BODY:nth-of-type(1)>DIV:nth-of-type(2)>HEADER.header:nth-of-type(1)>DIV.container:nth-of-type(1)>UL.nav-menu:nth-of-type(1)>LI:nth-of-type(3)>DIV.dropdown.dropdown--sm:nth-of-type(1)>DIV.dropdown__links:nth-of-type(1)","1","0,00%"
"543","#plataforma>DIV.container:nth-of-type(1)>DIV.platform-panels:nth-of-type(3)>DIV.platform-panel:nth-of-type(11)>DIV.platform-panel__content:nth-of-type(1)>DIV.platform-panel__text:nth-of-type(1)>UL.platform-panel__features:nth-of-type(1)>LI:nth-of-type(1)","1","0,00%"
"544","HTML>BODY:nth-of-type(1)>DIV:nth-of-type(2)>HEADER.header:nth-of-type(1)>DIV.container:nth-of-type(1)>UL.nav-menu:nth-of-type(1)>LI:nth-of-type(3)>DIV.dropdown.dropdown--sm:nth-of-type(1)>DIV.dropdown__links:nth-of-type(1)>A:nth-of-type(2)>DIV.dd-icon:nth-of-type(1)>I.fas.fa-star:nth-of-type(1)","1","0,00%"
"545","#custo>DIV.container:nth-of-type(1)>DIV.cost-grid:nth-of-type(2)>DIV.cost-card.cost-card--orbit:nth-of-type(3)>DIV.cost-item:nth-of-type(2)>SPAN.cost-item__label:nth-of-type(1)","1","0,00%"
"546","#hiwCinema>DIV.hiw-cinema__step:nth-of-type(4)>DIV.hiw-cinema__card:nth-of-type(2)>DIV.hiw-cinema__scene.hiw-scene-validate:nth-of-type(2)>DIV.hiw-validate-screen:nth-of-type(1)>DIV.hiw-validate-list:nth-of-type(2)>DIV.hiw-validate-item:nth-of-type(4)","1","0,00%"
"547","HTML>BODY:nth-of-type(1)>DIV:nth-of-type(2)>FOOTER.footer:nth-of-type(1)>DIV.container:nth-of-type(1)>DIV.footer-grid:nth-of-type(1)>DIV.footer-column:nth-of-type(3)>UL:nth-of-type(1)>LI:nth-of-type(2)","1","0,00%"
"548","#hiwCinema>DIV.hiw-cinema__step:nth-of-type(3)>DIV.hiw-cinema__card:nth-of-type(2)>DIV.hiw-cinema__text:nth-of-type(1)","1","0,00%"
"549","HTML>BODY:nth-of-type(1)>DIV:nth-of-type(2)>HEADER.header:nth-of-type(1)>DIV.container:nth-of-type(1)>UL.nav-menu:nth-of-type(1)>LI:nth-of-type(3)>DIV.dropdown.dropdown--sm:nth-of-type(1)>DIV.dropdown__links:nth-of-type(1)>A:nth-of-type(1)>DIV.dd-icon:nth-of-type(1)>I.fas.fa-newspaper:nth-of-type(1)","1","0,00%"
"550","#planos-preview>DIV.container:nth-of-type(2)>DIV:nth-of-type(3)>DIV:nth-of-type(1)>DIV:nth-of-type(2)>DIV:nth-of-type(2)","1","0,00%"
"551","#depoimentos>DIV.container:nth-of-type(1)>DIV.testi-columns:nth-of-type(2)>DIV.testi-column.testi-column--lg:nth-of-type(3)>DIV.testi-scroll:nth-of-type(1)>DIV.testi-card:nth-of-type(3)>P.testi-quote:nth-of-type(1)","1","0,00%"
"552","HTML>BODY:nth-of-type(1)>DIV:nth-of-type(2)>FOOTER.footer:nth-of-type(1)>DIV.container:nth-of-type(1)>DIV.footer-grid:nth-of-type(1)>DIV.footer-column:nth-of-type(4)>UL:nth-of-type(1)>LI:nth-of-type(2)>A:nth-of-type(1)","1","0,00%"
"553","HTML>BODY:nth-of-type(1)>DIV:nth-of-type(2)>SECTION.stats-banner:nth-of-type(11)","1","0,00%"
"554","#knowledgeGrid>DIV.knowledge-card:nth-of-type(4)>DIV.knowledge-card__image:nth-of-type(1)>IMG:nth-of-type(1)","1","0,00%"
"555","#solucoes>DIV.container:nth-of-type(1)","1","0,00%"
"556","#plataforma>DIV.container:nth-of-type(1)>DIV.platform-panels:nth-of-type(3)>DIV.platform-panel:nth-of-type(6)>DIV.platform-panel__content:nth-of-type(1)>DIV.platform-panel__text:nth-of-type(1)>A.btn.btn-primary:nth-of-type(1)","1","0,00%"
"557","HTML>BODY:nth-of-type(1)>DIV:nth-of-type(2)>HEADER.header:nth-of-type(1)>DIV.container:nth-of-type(1)>UL.nav-menu:nth-of-type(1)>LI:nth-of-type(3)>DIV.dropdown.dropdown--sm:nth-of-type(1)>DIV.dropdown__links:nth-of-type(1)>A:nth-of-type(2)>DIV.dd-text:nth-of-type(2)","1","0,00%"
"558","#planos-preview>DIV.container:nth-of-type(2)>DIV:nth-of-type(3)>DIV:nth-of-type(3)>DIV:nth-of-type(3)","1","0,00%"
"559","#orbitHub>DIV.orbit-hub__node:nth-of-type(12)","1","0,00%"
"560","#waPhones>DIV.wa-device:nth-of-type(2)>DIV.wa-device__frame:nth-of-type(1)>DIV.wa-chat:nth-of-type(3)>DIV.wa-row.wa-row--left.wa-row--hidden:nth-of-type(5)>DIV.wa-bubble.wa-bubble--dark:nth-of-type(1)","1","0,00%"
"561","#solucoes>DIV.container:nth-of-type(1)>DIV:nth-of-type(2)>DIV:nth-of-type(1)>DIV:nth-of-type(6)>A:nth-of-type(1)>DIV:nth-of-type(1)>SPAN:nth-of-type(1)","1","0,00%"
"562","#plataforma>DIV.container:nth-of-type(1)>DIV.platform-panels:nth-of-type(3)>DIV.platform-panel:nth-of-type(12)>DIV.platform-panel__content:nth-of-type(1)>DIV.platform-panel__text:nth-of-type(1)>H3:nth-of-type(1)","1","0,00%"
"563","#hiwCinema>DIV.hiw-cinema__step:nth-of-type(4)>DIV.hiw-cinema__card:nth-of-type(2)>DIV.hiw-cinema__scene.hiw-scene-validate:nth-of-type(2)>DIV.hiw-validate-screen:nth-of-type(1)>DIV.hiw-validate-list:nth-of-type(2)>DIV.hiw-validate-item:nth-of-type(1)>SPAN.hiw-validate-item__badge.hiw-validate-item__badge--ok:nth-of-type(2)","1","0,00%"
"564","#depoimentos>DIV.container:nth-of-type(1)>DIV.testi-columns:nth-of-type(2)>DIV.testi-column:nth-of-type(1)>DIV.testi-scroll:nth-of-type(1)>DIV.testi-card:nth-of-type(2)>DIV.testi-author:nth-of-type(1)>DIV.testi-info:nth-of-type(2)>DIV.testi-name:nth-of-type(1)","1","0,00%"
"565","#depoimentos>DIV.container:nth-of-type(1)>DIV.testi-columns:nth-of-type(2)>DIV.testi-column.testi-column--lg:nth-of-type(3)>DIV.testi-scroll:nth-of-type(1)","1","0,00%"
"566","HTML>BODY:nth-of-type(1)>DIV:nth-of-type(2)>SECTION.faq-section.section--light:nth-of-type(15)>DIV.container:nth-of-type(1)>DIV.faq-list:nth-of-type(2)>DETAILS.faq-item:nth-of-type(3)>DIV.faq-item__answer:nth-of-type(1)","1","0,00%"
"567","#conhecimento>DIV.container:nth-of-type(1)>DIV.section-header:nth-of-type(1)>H2:nth-of-type(1)>SPAN.highlight:nth-of-type(1)","1","0,00%"
"568","#plataforma>DIV.container:nth-of-type(1)>DIV.platform-panels:nth-of-type(3)>DIV.platform-panel:nth-of-type(3)>DIV.platform-panel__content:nth-of-type(1)>DIV.platform-panel__image:nth-of-type(2)>DIV.platform-panel__mockup-main:nth-of-type(1)>DIV.pp-mock:nth-of-type(1)>DIV.pp-mock__body:nth-of-type(2)>DIV.pp-mock__label:nth-of-type(1)","1","0,00%"
"569","#plataforma>DIV.container:nth-of-type(1)>DIV.platform-panels:nth-of-type(3)>DIV.platform-panel:nth-of-type(5)>DIV.platform-panel__content:nth-of-type(1)>DIV.platform-panel__image:nth-of-type(2)>DIV.platform-panel__mockup-main:nth-of-type(1)>DIV.pp-mock:nth-of-type(1)>DIV.pp-mock__body:nth-of-type(2)","1","0,00%"
"570","#solucoes>DIV.container:nth-of-type(1)>DIV:nth-of-type(2)>DIV:nth-of-type(1)>DIV:nth-of-type(12)>A:nth-of-type(1)>IMG:nth-of-type(1)","1","0,00%"
"571","#waPhones>DIV.wa-device:nth-of-type(2)>DIV.wa-device__frame:nth-of-type(1)>DIV.wa-chat:nth-of-type(3)>DIV.wa-typing:nth-of-type(6)>DIV.wa-typing__bubble:nth-of-type(1)","1","0,00%"
"572","#custo>DIV.container:nth-of-type(1)>DIV.cost-grid:nth-of-type(2)>DIV.cost-vs:nth-of-type(2)","1","0,00%"
"573","HTML>BODY:nth-of-type(1)>DIV:nth-of-type(2)>SECTION.faq-section.section--light:nth-of-type(15)>DIV.container:nth-of-type(1)>DIV.faq-list:nth-of-type(2)>DETAILS.faq-item:nth-of-type(4)>DIV.faq-item__answer:nth-of-type(1)>P:nth-of-type(1)","1","0,00%"
"574","#plataforma>DIV.container:nth-of-type(1)>DIV.platform-panels:nth-of-type(3)>DIV.platform-panel:nth-of-type(2)>DIV.platform-panel__content:nth-of-type(1)>DIV.platform-panel__image:nth-of-type(2)>DIV.platform-panel__mockup-main:nth-of-type(1)>DIV.pp-mock:nth-of-type(1)>DIV.pp-mock__body:nth-of-type(2)>DIV.pp-mock__doc:nth-of-type(4)>DIV.pp-mock__doc-line:nth-of-type(3)","1","0,00%"
"575","#waPhones>DIV.wa-device:nth-of-type(3)>DIV.wa-device__frame:nth-of-type(1)>DIV.wa-chat:nth-of-type(3)>DIV.wa-row.wa-row--right.wa-row--hidden:nth-of-type(4)>DIV.wa-bubble.wa-bubble--green:nth-of-type(1)>SPAN.wa-bubble__meta:nth-of-type(1)","1","0,00%"
"576","#orbitHub>DIV.orbit-hub__node:nth-of-type(2)","1","0,00%"
"577","#reframe>DIV.container:nth-of-type(1)>DIV.reframe-journey:nth-of-type(2)>DIV.reframe-phase.reframe-phase--win:nth-of-type(3)>DIV.reframe-phase__steps.reframe-orbit-steps:nth-of-type(2)>DIV.reframe-orbit-card:nth-of-type(3)>DIV.reframe-orbit-card__text:nth-of-type(1)","1","0,00%"
"578","#solucoes>DIV.container:nth-of-type(1)>DIV:nth-of-type(2)>DIV:nth-of-type(1)>DIV:nth-of-type(7)>A:nth-of-type(1)>DIV:nth-of-type(1)","1","0,00%"
"579","#plataforma>DIV.container:nth-of-type(1)>DIV.platform-panels:nth-of-type(3)>DIV.platform-panel:nth-of-type(11)>DIV.platform-panel__content:nth-of-type(1)>DIV.platform-panel__text:nth-of-type(1)>UL.platform-panel__features:nth-of-type(1)>LI:nth-of-type(2)","1","0,00%"
"580","#plataforma>DIV.container:nth-of-type(1)>DIV.one-platform__header.revealed:nth-of-type(1)","1","0,00%"
"581","#reframe>DIV.container:nth-of-type(1)>DIV.reframe-journey:nth-of-type(2)>DIV.reframe-phase.reframe-phase--win:nth-of-type(3)>DIV.reframe-phase__steps.reframe-orbit-steps:nth-of-type(2)>DIV.reframe-orbit-card:nth-of-type(3)","1","0,00%"
"582","#plataforma>DIV.container:nth-of-type(1)>DIV.platform-panels:nth-of-type(3)>DIV.platform-panel:nth-of-type(9)>DIV.platform-panel__content:nth-of-type(1)>DIV.platform-panel__text:nth-of-type(1)>P:nth-of-type(1)","1","0,00%"
"583","#plataforma>DIV.container:nth-of-type(1)>DIV.platform-panels:nth-of-type(3)>DIV.platform-panel:nth-of-type(4)>DIV.platform-panel__content:nth-of-type(1)>DIV.platform-panel__text:nth-of-type(1)>A.btn.btn-primary:nth-of-type(1)","1","0,00%"
"584","#orbitHub>DIV.orbit-hub__node:nth-of-type(12)>DIV.orbit-hub__node-label:nth-of-type(2)","1","0,00%"
"585","#planos-preview>DIV.container:nth-of-type(2)>DIV:nth-of-type(3)>DIV:nth-of-type(3)>DIV:nth-of-type(3)>DIV:nth-of-type(2)>SPAN:nth-of-type(2)","1","0,00%"
"586","#orbitHub>DIV.orbit-hub__node:nth-of-type(11)>DIV.orbit-node-card:nth-of-type(4)>DIV.orbit-node-card__tags:nth-of-type(5)>SPAN.orbit-node-card__tag:nth-of-type(3)","1","0,00%"
"587","#plataforma>DIV.container:nth-of-type(1)>DIV.platform-panels:nth-of-type(3)>DIV.platform-panel:nth-of-type(6)>DIV.platform-panel__content:nth-of-type(1)","1","0,00%"
"588","#plataforma>DIV.container:nth-of-type(1)>DIV.platform-panels:nth-of-type(3)>DIV.platform-panel:nth-of-type(10)>DIV.platform-panel__content:nth-of-type(1)>DIV.platform-panel__text:nth-of-type(1)>A.btn.btn-primary:nth-of-type(1)","1","0,00%"
"589","#waArrowRight","1","0,00%"
"590","#orbitHub>DIV.orbit-hub__node:nth-of-type(10)","1","0,00%"
"591","#hiwCinema>DIV.hiw-cinema__step:nth-of-type(5)>DIV.hiw-cinema__card.hiw-cinema__card--final:nth-of-type(2)>DIV.hiw-cinema__scene.hiw-scene-launch:nth-of-type(2)>DIV.hiw-rocket-container:nth-of-type(1)>DIV.hiw-rocket:nth-of-type(1)","1","0,00%"
"592","HTML>BODY:nth-of-type(1)>DIV:nth-of-type(2)>HEADER.header:nth-of-type(1)>DIV.container:nth-of-type(1)>UL.nav-menu:nth-of-type(1)>LI:nth-of-type(1)>DIV.dropdown.dropdown--lg:nth-of-type(1)","1","0,00%"
"593","#agentes>DIV:nth-of-type(1)>P:nth-of-type(1)","1","0,00%"
"594","#home>DIV.container:nth-of-type(3)>DIV.hero-zoom__header:nth-of-type(1)>DIV.hero-zoom__credentials:nth-of-type(2)>DIV.hero-zoom__credential:nth-of-type(3)>SPAN:nth-of-type(1)","1","0,00%"
"595","#plataforma>DIV.container:nth-of-type(1)>DIV.platform-panels:nth-of-type(3)>DIV.platform-panel:nth-of-type(12)>DIV.platform-panel__content:nth-of-type(1)","1","0,00%"
"596","#solucoes>DIV.container:nth-of-type(1)>DIV:nth-of-type(2)>DIV:nth-of-type(1)>DIV:nth-of-type(12)>A:nth-of-type(1)>DIV:nth-of-type(1)>H3:nth-of-type(1)","1","0,00%"
"597","#plataforma>DIV.container:nth-of-type(1)>DIV.platform-panels:nth-of-type(3)>DIV.platform-panel:nth-of-type(10)>DIV.platform-panel__content:nth-of-type(1)>DIV.platform-panel__text:nth-of-type(1)","1","0,00%"
"598","#planos-preview>DIV.container:nth-of-type(2)>DIV:nth-of-type(4)>DIV:nth-of-type(1)>DIV:nth-of-type(1)>DIV:nth-of-type(1)>STRONG:nth-of-type(1)","1","0,00%"
"599","#depoimentos>DIV.container:nth-of-type(1)>DIV.testi-columns:nth-of-type(2)>DIV.testi-column.testi-column--md:nth-of-type(2)>DIV.testi-scroll:nth-of-type(1)>DIV.testi-card:nth-of-type(4)>DIV.testi-author:nth-of-type(1)","1","0,00%"
"600","#hiwCinema>DIV.hiw-cinema__step:nth-of-type(2)>DIV.hiw-cinema__card:nth-of-type(2)>DIV.hiw-cinema__scene.hiw-scene-form:nth-of-type(2)>DIV.hiw-form-mockup:nth-of-type(1)>DIV.hiw-form-mockup__body:nth-of-type(2)","1","0,00%"
"601","HTML>BODY:nth-of-type(1)>DIV:nth-of-type(2)>SECTION.mkt-section:nth-of-type(4)>DIV.container:nth-of-type(2)>DIV.mkt-cards:nth-of-type(2)>DIV.mkt-card:nth-of-type(3)>DIV.mkt-card__footer:nth-of-type(2)>DIV.mkt-card__source:nth-of-type(1)","1","0,00%"
"602","#hiwCinema>DIV.hiw-cinema__step:nth-of-type(5)>DIV.hiw-cinema__card.hiw-cinema__card--final:nth-of-type(2)>DIV.hiw-cinema__scene.hiw-scene-launch:nth-of-type(2)>DIV.hiw-results:nth-of-type(2)","1","0,00%"
"603","#orbitHub>DIV.orbit-hub__node:nth-of-type(11)>DIV.orbit-node-card:nth-of-type(4)","1","0,00%"
"604","#plataforma>DIV.container:nth-of-type(1)>DIV.platform-panels:nth-of-type(3)>DIV.platform-panel:nth-of-type(12)>DIV.platform-panel__content:nth-of-type(1)>DIV.platform-panel__text:nth-of-type(1)>DIV.platform-panel__badge:nth-of-type(1)","1","0,00%"
"605","HTML>BODY:nth-of-type(1)>DIV:nth-of-type(2)>SECTION.faq-section.section--light:nth-of-type(15)","1","0,00%"
"606","HTML>BODY:nth-of-type(1)>DIV:nth-of-type(2)>SECTION.faq-section.section--light:nth-of-type(15)>DIV.container:nth-of-type(1)>DIV.faq-list.revealed:nth-of-type(2)","1","0,00%"
"607","#reframe>DIV.container:nth-of-type(1)>DIV.reframe-journey:nth-of-type(2)>DIV.reframe-phase.reframe-phase--win:nth-of-type(3)>DIV.reframe-verdict.reframe-verdict--win:nth-of-type(3)>DIV.rfm-result-scene:nth-of-type(1)>DIV.rfm-result-metrics:nth-of-type(2)>DIV.rfm-metric:nth-of-type(1)>SPAN.rfm-metric__val:nth-of-type(1)","1","0,00%"
"608","#plataforma>DIV.container:nth-of-type(1)>DIV.platform-panels:nth-of-type(3)>DIV.platform-panel:nth-of-type(3)>DIV.platform-panel__content:nth-of-type(1)>DIV.platform-panel__text:nth-of-type(1)>UL.platform-panel__features:nth-of-type(1)>LI:nth-of-type(1)","1","0,00%"
"609","#solucoes>DIV.container:nth-of-type(1)>DIV:nth-of-type(2)>DIV:nth-of-type(1)>DIV:nth-of-type(3)>A:nth-of-type(1)>IMG:nth-of-type(1)","1","0,00%"
"610","#orbitHub>DIV.orbit-hub__node:nth-of-type(11)>DIV.orbit-node-card:nth-of-type(4)>DIV.orbit-node-card__text:nth-of-type(3)","1","0,00%"
"611","#custo>DIV.container:nth-of-type(1)>DIV.cost-grid:nth-of-type(2)>DIV.cost-card.cost-card--orbit:nth-of-type(3)>DIV.cost-total:nth-of-type(7)>SPAN.cost-total__label:nth-of-type(1)","1","0,00%"
"612","#plataforma>DIV.container:nth-of-type(1)>DIV.platform-panels:nth-of-type(3)>DIV.platform-panel:nth-of-type(8)>DIV.platform-panel__content:nth-of-type(1)>DIV.platform-panel__image:nth-of-type(2)>DIV.platform-panel__mockup-main:nth-of-type(1)>DIV.pp-mock:nth-of-type(1)","1","0,00%"
"613","#orbitHub>DIV.orbit-hub__node:nth-of-type(6)>DIV.orbit-node-card:nth-of-type(4)>DIV.orbit-node-card__text:nth-of-type(3)","1","0,00%"
"614","HTML>BODY:nth-of-type(1)>DIV:nth-of-type(2)>SECTION.faq-section.section--light:nth-of-type(15)>DIV.container:nth-of-type(1)>DIV.faq-list:nth-of-type(2)>DETAILS.faq-item:nth-of-type(1)>DIV.faq-item__answer:nth-of-type(1)>P:nth-of-type(1)","1","0,00%"
"615","#solucoes>DIV.container:nth-of-type(1)>DIV.solutions-carousel__header.revealed:nth-of-type(1)","1","0,00%"
"616","#waPhones>DIV.wa-device:nth-of-type(3)>DIV.wa-device__frame:nth-of-type(1)>DIV.wa-chat:nth-of-type(3)","1","0,00%"
"617","#depoimentos>DIV.container:nth-of-type(1)>DIV.testi-columns:nth-of-type(2)>DIV.testi-column.testi-column--lg:nth-of-type(3)>DIV.testi-scroll:nth-of-type(1)>DIV.testi-card:nth-of-type(2)>DIV.testi-author:nth-of-type(1)","1","0,00%"
"618","#depoimentos>DIV.container:nth-of-type(1)","1","0,00%"
"619","#lead-form>DIV.form-group:nth-of-type(4)>LABEL:nth-of-type(1)","1","0,00%"
"620","#depoimentos>DIV.container:nth-of-type(1)>DIV.testi-header:nth-of-type(1)>P:nth-of-type(1)","1","0,00%"
"621","#plataforma>DIV.container:nth-of-type(1)>DIV.platform-panels:nth-of-type(3)>DIV.platform-panel:nth-of-type(1)>DIV.platform-panel__content:nth-of-type(1)>DIV.platform-panel__image:nth-of-type(2)>DIV.platform-panel__mockup-main:nth-of-type(1)>DIV.pp-mock:nth-of-type(1)>DIV.pp-mock__body:nth-of-type(2)>DIV.pp-mock__row:nth-of-type(4)","1","0,00%"
"622","#solucoes>DIV.container:nth-of-type(1)>DIV:nth-of-type(2)>DIV:nth-of-type(1)>DIV:nth-of-type(2)>A:nth-of-type(1)","1","0,00%"
"623","#reframe>DIV.container:nth-of-type(1)>DIV.reframe-journey:nth-of-type(2)>DIV.reframe-phase.reframe-phase--win:nth-of-type(3)>DIV.reframe-phase__tag.reframe-phase__tag--win:nth-of-type(1)","1","0,00%"
"624","#orbitHub>DIV.orbit-hub__node:nth-of-type(4)>DIV.orbit-node-card:nth-of-type(4)>DIV.orbit-node-card__bar:nth-of-type(4)>DIV.orbit-node-card__bar-label:nth-of-type(1)","1","0,00%"
"625","#para-quem>DIV.container:nth-of-type(1)>DIV.pq-grid:nth-of-type(2)>A.pq-card:nth-of-type(3)>DIV.pq-card__content:nth-of-type(1)>P:nth-of-type(1)","1","0,00%"
"626","#solucoes>DIV.container:nth-of-type(1)>DIV:nth-of-type(2)>DIV:nth-of-type(1)>DIV:nth-of-type(10)>A:nth-of-type(1)>DIV:nth-of-type(1)","1","0,00%"
"627","#planos-preview>DIV.container:nth-of-type(2)>DIV:nth-of-type(3)>DIV:nth-of-type(2)","1","0,00%"
"628","#waDots>BUTTON.wa-dot:nth-of-type(3)","1","0,00%"
"629","#waPhones>DIV.wa-device:nth-of-type(3)>DIV.wa-device__frame:nth-of-type(1)>DIV.wa-chat:nth-of-type(3)>DIV.wa-row.wa-row--left.wa-row--hidden:nth-of-type(3)>DIV.wa-bubble.wa-bubble--dark:nth-of-type(1)>P:nth-of-type(1)","1","0,00%"
"630","#orbitHub>DIV.orbit-hub__node:nth-of-type(6)>DIV.orbit-node-card:nth-of-type(4)>DIV.orbit-node-card__tags:nth-of-type(5)>SPAN.orbit-node-card__tag:nth-of-type(2)","1","0,00%"
"631","#plataforma>DIV.container:nth-of-type(1)>DIV.platform-panels:nth-of-type(3)>DIV.platform-panel:nth-of-type(4)>DIV.platform-panel__content:nth-of-type(1)>DIV.platform-panel__text:nth-of-type(1)>UL.platform-panel__features:nth-of-type(1)>LI:nth-of-type(1)","1","0,00%"
"632","#plataforma>DIV.container:nth-of-type(1)>DIV.platform-panels:nth-of-type(3)>DIV.platform-panel:nth-of-type(2)>DIV.platform-panel__content:nth-of-type(1)>DIV.platform-panel__image:nth-of-type(2)>DIV.platform-panel__mockup-main:nth-of-type(1)>DIV.pp-mock:nth-of-type(1)>DIV.pp-mock__body:nth-of-type(2)","1","0,00%"
"633","#hiwCinema>DIV.hiw-cinema__step:nth-of-type(4)>DIV.hiw-cinema__marker:nth-of-type(1)>SPAN.hiw-cinema__time:nth-of-type(1)","1","0,00%"
"634","#depoimentos>DIV.container:nth-of-type(1)>DIV.testi-columns:nth-of-type(2)>DIV.testi-column.testi-column--lg:nth-of-type(3)>DIV.testi-scroll:nth-of-type(1)>DIV.testi-card:nth-of-type(5)>P.testi-quote:nth-of-type(1)","1","0,00%"
"635","#custo>DIV.container:nth-of-type(1)>DIV.cost-grid:nth-of-type(2)>DIV.cost-card.cost-card--orbit:nth-of-type(3)>DIV.cost-item:nth-of-type(4)>SPAN.cost-item__label:nth-of-type(1)","1","0,00%"
"636","#solucoes>DIV.container:nth-of-type(1)>DIV:nth-of-type(2)>DIV:nth-of-type(1)>DIV:nth-of-type(8)>A:nth-of-type(1)>DIV:nth-of-type(1)","1","0,00%"
"637","#reframe>DIV.container:nth-of-type(1)>DIV.reframe-journey:nth-of-type(2)>DIV.reframe-phase.reframe-phase--win:nth-of-type(3)>DIV.reframe-phase__steps.reframe-orbit-steps:nth-of-type(2)>DIV.reframe-orbit-card:nth-of-type(1)>DIV.reframe-orbit-card__scene:nth-of-type(2)>DIV.rfm-mini-hub:nth-of-type(1)","1","0,00%"
"638","#platformDock>BUTTON.dock-item:nth-of-type(11)","1","0,00%"
"639","#planos-preview>DIV.container:nth-of-type(2)>DIV:nth-of-type(3)>DIV:nth-of-type(2)>DIV:nth-of-type(4)>DIV:nth-of-type(2)>SPAN:nth-of-type(3)","1","0,00%"
"640","#orbitHub>DIV.orbit-hub__node:nth-of-type(2)>DIV.orbit-node-card:nth-of-type(4)>DIV.orbit-node-card__tags:nth-of-type(5)>SPAN.orbit-node-card__tag:nth-of-type(3)","1","0,00%"
"641","#depoimentos>DIV.container:nth-of-type(1)>DIV.testi-columns:nth-of-type(2)>DIV.testi-column:nth-of-type(1)>DIV.testi-scroll:nth-of-type(1)>DIV.testi-card:nth-of-type(1)>DIV.testi-author:nth-of-type(1)>DIV.testi-info:nth-of-type(2)>DIV.testi-role:nth-of-type(2)","1","0,00%"
"642","#orbitHub>DIV.orbit-hub__node:nth-of-type(10)>DIV.orbit-hub__node-desc:nth-of-type(3)","1","0,00%"
"643","#plataforma>DIV.container:nth-of-type(1)>DIV.platform-panels:nth-of-type(3)>DIV.platform-panel:nth-of-type(3)>DIV.platform-panel__content:nth-of-type(1)>DIV.platform-panel__text:nth-of-type(1)>UL.platform-panel__features:nth-of-type(1)>LI:nth-of-type(2)","1","0,00%"
"644","HTML>BODY:nth-of-type(1)>DIV:nth-of-type(2)>DIV.mobile-menu:nth-of-type(2)>DIV.mobile-menu__footer:nth-of-type(3)","1","0,00%"
"645","#lead-form>BUTTON.btn.btn-primary.btn-submit:nth-of-type(1)","1","0,00%"
"646","#orbitHub>DIV.orbit-hub__node:nth-of-type(13)>DIV.orbit-hub__node-icon:nth-of-type(1)>I.fas.fa-video:nth-of-type(1)","1","0,00%"
"647","#hiwCinema>DIV.hiw-cinema__step:nth-of-type(3)>DIV.hiw-cinema__card:nth-of-type(2)>DIV.hiw-cinema__scene.hiw-scene-agents:nth-of-type(2)>DIV.hiw-agents-grid:nth-of-type(1)>DIV.hiw-agent:nth-of-type(1)>DIV.hiw-agent__avatar:nth-of-type(1)","1","0,00%"
"648","#solucoes>DIV.container:nth-of-type(1)>DIV:nth-of-type(2)>DIV:nth-of-type(1)>DIV:nth-of-type(9)>A:nth-of-type(1)>DIV:nth-of-type(1)","1","0,00%"
"649","#solucoes>DIV.container:nth-of-type(1)>DIV:nth-of-type(2)>DIV:nth-of-type(1)>DIV:nth-of-type(6)>A:nth-of-type(1)>DIV:nth-of-type(1)>P:nth-of-type(1)","1","0,00%"
"650","#depoimentos>DIV.container:nth-of-type(1)>DIV.testi-columns:nth-of-type(2)>DIV.testi-column:nth-of-type(1)>DIV.testi-scroll:nth-of-type(1)>DIV.testi-card:nth-of-type(5)","1","0,00%"
"651","#plataforma>DIV.container:nth-of-type(1)>DIV.platform-panels:nth-of-type(3)>DIV.platform-panel:nth-of-type(5)>DIV.platform-panel__content:nth-of-type(1)>DIV.platform-panel__text:nth-of-type(1)>UL.platform-panel__features:nth-of-type(1)>LI:nth-of-type(2)","1","0,00%"
"652","#para-quem>DIV.container:nth-of-type(1)>DIV.pq-grid:nth-of-type(2)>A.pq-card:nth-of-type(3)>IMG:nth-of-type(1)","1","0,00%"
"653","#plataforma>DIV.container:nth-of-type(1)>DIV.platform-panels:nth-of-type(3)>DIV.platform-panel:nth-of-type(3)>DIV.platform-panel__content:nth-of-type(1)>DIV.platform-panel__image:nth-of-type(2)>DIV.platform-panel__mockup-main:nth-of-type(1)>DIV.pp-mock:nth-of-type(1)>DIV.pp-mock__body:nth-of-type(2)>DIV.pp-mock__row:nth-of-type(7)","1","0,00%"
"654","#para-quem>DIV.container:nth-of-type(1)>DIV.pq-grid:nth-of-type(2)>A.pq-card:nth-of-type(1)>DIV.pq-card__content:nth-of-type(1)>P:nth-of-type(1)","1","0,00%"
"655","#planos-preview>DIV.container:nth-of-type(2)>DIV:nth-of-type(3)>DIV:nth-of-type(1)>DIV:nth-of-type(4)","1","0,00%"
"656","#hiwCinema>DIV.hiw-cinema__step:nth-of-type(4)>DIV.hiw-cinema__card:nth-of-type(2)>DIV.hiw-cinema__scene.hiw-scene-validate:nth-of-type(2)>DIV.hiw-validate-screen:nth-of-type(1)>DIV.hiw-validate-list:nth-of-type(2)>DIV.hiw-validate-item:nth-of-type(3)>SPAN:nth-of-type(1)","1","0,00%"
"657","HTML>BODY:nth-of-type(1)>DIV:nth-of-type(2)>FOOTER.footer:nth-of-type(1)>DIV.container:nth-of-type(1)>DIV.footer-grid:nth-of-type(1)>DIV.footer-brand:nth-of-type(1)>DIV.footer-logo:nth-of-type(1)>IMG:nth-of-type(1)","1","0,00%"
"658","#solucoes>DIV.container:nth-of-type(1)>DIV:nth-of-type(2)>DIV:nth-of-type(1)>DIV:nth-of-type(12)>A:nth-of-type(1)>DIV:nth-of-type(1)","1","0,00%"
"659","#planos-preview>DIV.container:nth-of-type(2)>DIV:nth-of-type(3)>DIV:nth-of-type(1)>UL:nth-of-type(1)>LI:nth-of-type(1)","1","0,00%"
"660","#reframe>DIV.container:nth-of-type(1)>DIV.reframe-journey:nth-of-type(2)>DIV.reframe-phase.reframe-phase--win:nth-of-type(3)>DIV.reframe-phase__steps.reframe-orbit-steps:nth-of-type(2)>DIV.reframe-orbit-card:nth-of-type(3)>DIV.reframe-orbit-card__scene:nth-of-type(2)>DIV.rfm-validate:nth-of-type(1)>DIV.rfm-validate__item:nth-of-type(4)>SPAN.rfm-validate__badge:nth-of-type(1)","1","0,00%"
"661","#plataforma>DIV.container:nth-of-type(1)>DIV.platform-panels:nth-of-type(3)>DIV.platform-panel:nth-of-type(4)>DIV.platform-panel__content:nth-of-type(1)>DIV.platform-panel__text:nth-of-type(1)>DIV.platform-panel__badge:nth-of-type(1)","1","0,00%"
"662","#reframe>DIV.container:nth-of-type(1)>DIV.reframe-journey:nth-of-type(2)>DIV.roda:nth-of-type(1)>DIV.roda__scene:nth-of-type(1)>DIV.roda__wheel:nth-of-type(1)","1","0,00%"
"663","#waPhones>DIV.wa-device:nth-of-type(1)>DIV.wa-device__frame:nth-of-type(1)>DIV.wa-chat:nth-of-type(3)>DIV.wa-row.wa-row--right.wa-row--hidden:nth-of-type(4)>DIV.wa-bubble.wa-bubble--green:nth-of-type(1)","1","0,00%"
"664","#depoimentos>DIV.container:nth-of-type(1)>DIV.testi-columns:nth-of-type(2)>DIV.testi-column.testi-column--lg:nth-of-type(3)>DIV.testi-scroll:nth-of-type(1)>DIV.testi-card:nth-of-type(4)>DIV.testi-author:nth-of-type(1)","1","0,00%"
"665","HTML>BODY:nth-of-type(1)>DIV:nth-of-type(2)>HEADER.header:nth-of-type(1)>DIV.container:nth-of-type(1)>UL.nav-menu:nth-of-type(1)>LI:nth-of-type(2)>DIV.dropdown.dropdown--sm:nth-of-type(1)>DIV.dropdown__links:nth-of-type(1)>A:nth-of-type(2)>DIV.dd-icon:nth-of-type(1)>I.fas.fa-user-tie:nth-of-type(1)","1","0,00%"
"666","#knowledgeGrid>DIV.knowledge-card:nth-of-type(1)>DIV.knowledge-card__image:nth-of-type(1)>IMG:nth-of-type(1)","1","0,00%"
"667","#hiwCinema>DIV.hiw-cinema__step:nth-of-type(2)>DIV.hiw-cinema__card:nth-of-type(2)>DIV.hiw-cinema__scene.hiw-scene-form:nth-of-type(2)>DIV.hiw-form-mockup:nth-of-type(1)>DIV.hiw-form-mockup__body:nth-of-type(2)>DIV.hiw-form-field:nth-of-type(3)>DIV.hiw-form-field__input:nth-of-type(1)>SPAN.hiw-typing:nth-of-type(1)","1","0,00%"
"668","#custo>DIV.container:nth-of-type(1)>DIV.cost-header.revealed:nth-of-type(1)","1","0,00%"
"669","#hiwCinema>DIV.hiw-cinema__step:nth-of-type(3)>DIV.hiw-cinema__card:nth-of-type(2)>DIV.hiw-cinema__scene.hiw-scene-agents:nth-of-type(2)>DIV.hiw-agents-grid:nth-of-type(1)","1","0,00%"
"670","#plataforma>DIV.container:nth-of-type(1)>DIV.platform-panels:nth-of-type(3)>DIV.platform-panel:nth-of-type(3)>DIV.platform-panel__content:nth-of-type(1)>DIV.platform-panel__text:nth-of-type(1)>P:nth-of-type(1)","1","0,00%"
"671","#plataforma>DIV.container:nth-of-type(1)>DIV.platform-panels:nth-of-type(3)>DIV.platform-panel:nth-of-type(3)>DIV.platform-panel__content:nth-of-type(1)>DIV.platform-panel__text:nth-of-type(1)>UL.platform-panel__features:nth-of-type(1)","1","0,00%"
"672","#custo>DIV.container:nth-of-type(1)>DIV.cost-grid:nth-of-type(2)>DIV.cost-card.cost-card--manual:nth-of-type(1)>DIV.cost-item:nth-of-type(3)>SPAN.cost-item__value:nth-of-type(2)","1","0,00%"
"673","HTML>BODY:nth-of-type(1)>DIV:nth-of-type(2)>DIV.mobile-menu:nth-of-type(2)>DIV.mobile-menu__body:nth-of-type(2)>A:nth-of-type(3)","1","0,00%"
"674","HTML>BODY:nth-of-type(1)>DIV:nth-of-type(1)","1","0,00%"
