termos de pesquisa orbit,,,,,,,,,,,,,,
Todo o período,,,,,,,,,,,,,,
Termo de pesquisa,Tipo de corresp.,Adicionada/excluída,Campanha,Grupo de anúncios,Cliques,Impr.,CTR,Código da moeda,CPC méd.,Custo,Tipo de campanha,Taxa de conv.,Conversões,Custo / conv.
sistema de caixa de supermercado grátis,Correspondência de frase (variação aproximada),Nenhum,[Rodrigo][Search][Leads][Maio],01- Gestão,0,4,0%,BRL,0,0,Pesquisa,0%,0,0
sistema barbearia,Correspondência de frase (variação aproximada),Nenhum,[Rodrigo][Search][Leads][Maio],01- Gestão,0,2,0%,BRL,0,0,Pesquisa,0%,0,0
como vender mais,Correspondência de frase (variação aproximada),Nenhum,[Rodrigo][Search][Leads][Maio],00- recomendação google,0,2,0%,BRL,0,0,Pesquisa,0%,0,0
nucleus app,Correspondência de frase (variação aproximada),Nenhum,[Rodrigo][Search][Leads][Maio],01- Gestão,0,2,0%,BRL,0,0,Pesquisa,0%,0,0
orquestrabpm,Correspondência de frase (variação aproximada),Nenhum,[Rodrigo][Search][Leads][Maio],01- Gestão,0,1,0%,BRL,0,0,Pesquisa,0%,0,0
gestao de processos,Correspondência exata (variante aproximada),Nenhum,[Rodrigo][Search][Leads][Maio],01- Gestão,0,1,0%,BRL,0,0,Pesquisa,0%,0,0
análise swot online grátis,Correspondência de frase,Nenhum,[Rodrigo][Search][Leads][Maio],01- Gestão,0,3,0%,BRL,0,0,Pesquisa,0%,0,0
acelera360,Correspondência ampla,Nenhum,[Rodrigo][Search][Leads][Maio],01- Gestão,0,1,0%,BRL,0,0,Pesquisa,0%,0,0
bpmn online grátis,Correspondência de frase (variação aproximada),Nenhum,[Rodrigo][Search][Leads][Maio],01- Gestão,0,2,0%,BRL,0,0,Pesquisa,0%,0,0
amplis,Correspondência ampla,Nenhum,[Rodrigo][Search][Leads][Maio],01- Gestão,0,1,0%,BRL,0,0,Pesquisa,0%,0,0
gestao life,Correspondência de frase,Nenhum,[Rodrigo][Search][Leads][Maio],01- Gestão,0,2,0%,BRL,0,0,Pesquisa,0%,0,0
matriz swot,Correspondência exata,Adicionado,[Rodrigo][Search][Leads][Maio],00- recomendação google,0,6,0%,BRL,0,0,Pesquisa,0%,0,0
sistemas para salão de beleza gratuito,Correspondência de frase (variação aproximada),Nenhum,[Rodrigo][Search][Leads][Maio],01- Gestão,0,1,0%,BRL,0,0,Pesquisa,0%,0,0
sebrae mg,Correspondência ampla,Nenhum,[Rodrigo][Search][Leads][Maio],01- Gestão,0,1,0%,BRL,0,0,Pesquisa,0%,0,0
matriz swot como fazer,Correspondência de frase (variação aproximada),Nenhum,[Rodrigo][Search][Leads][Maio],00- recomendação google,0,3,0%,BRL,0,0,Pesquisa,0%,0,0
nexusgen,Correspondência ampla,Nenhum,[Rodrigo][Search][Leads][Maio],00- recomendação google,0,1,0%,BRL,0,0,Pesquisa,0%,0,0
sistema para empresa de motoboy grátis,Correspondência de frase (variação aproximada),Nenhum,[Rodrigo][Search][Leads][Maio],00- recomendação google,0,1,0%,BRL,0,0,Pesquisa,0%,0,0
strategy plataforma,Correspondência ampla,Nenhum,[Rodrigo][Search][Leads][Maio],00- recomendação google,0,1,0%,BRL,0,0,Pesquisa,0%,0,0
ibr soft,Correspondência de frase (variação aproximada),Nenhum,[Rodrigo][Search][Leads][Maio],01- Gestão,0,1,0%,BRL,0,0,Pesquisa,0%,0,0
estrutura de uma empresa,Correspondência ampla,Nenhum,[Rodrigo][Search][Leads][Maio],01- Gestão,0,1,0%,BRL,0,0,Pesquisa,0%,0,0
swot análise,Correspondência exata (variante aproximada),Nenhum,[Rodrigo][Search][Leads][Maio],00- recomendação google,0,1,0%,BRL,0,0,Pesquisa,0%,0,0
gestao power,Correspondência de frase,Nenhum,[Rodrigo][Search][Leads][Maio],01- Gestão,0,1,0%,BRL,0,0,Pesquisa,0%,0,0
swot ia,Correspondência de frase (variação aproximada),Nenhum,[Rodrigo][Search][Leads][Maio],00- recomendação google,0,1,0%,BRL,0,0,Pesquisa,0%,0,0
fizzy kanban,Correspondência de frase (variação aproximada),Nenhum,[Rodrigo][Search][Leads][Maio],00- recomendação google,0,1,0%,BRL,0,0,Pesquisa,0%,0,0
bpmn exemplos,Correspondência de frase (variação aproximada),Nenhum,[Rodrigo][Search][Leads][Maio],01- Gestão,0,1,0%,BRL,0,0,Pesquisa,0%,0,0
criar folha de pagamento online grátis,Correspondência ampla,Nenhum,[Rodrigo][Search][Leads][Maio],01- Gestão,0,1,0%,BRL,0,0,Pesquisa,0%,0,0
oito leme,Correspondência ampla,Nenhum,[Rodrigo][Search][Leads][Maio],00- recomendação google,0,1,0%,BRL,0,0,Pesquisa,0%,0,0
swot app,Correspondência de frase (variação aproximada),Nenhum,[Rodrigo][Search][Leads][Maio],00- recomendação google,0,1,0%,BRL,0,0,Pesquisa,0%,0,0
como melhorar minhas vendas,Correspondência de frase (variação aproximada),Nenhum,[Rodrigo][Search][Leads][Maio],01- Gestão,1,2,50%,BRL,"3,36","3,36",Pesquisa,0%,0,0
gerenciamento alpha,Correspondência de frase (variação aproximada),Nenhum,[Rodrigo][Search][Leads][Maio],01- Gestão,0,1,0%,BRL,0,0,Pesquisa,0%,0,0
dashboard,Correspondência ampla,Nenhum,[Rodrigo][Search][Leads][Maio],01- Gestão,2,28,"7,14%",BRL,"10,64","21,28",Pesquisa,0%,0,0
dashboard gratuito,Correspondência ampla,Nenhum,[Rodrigo][Search][Leads][Maio],00- recomendação google,0,1,0%,BRL,0,0,Pesquisa,0%,0,0
organizap,Correspondência ampla,Nenhum,[Rodrigo][Search][Leads][Maio],00- recomendação google,0,1,0%,BRL,0,0,Pesquisa,0%,0,0
defina bia,Correspondência ampla,Nenhum,[Rodrigo][Search][Leads][Maio],00- recomendação google,0,1,0%,BRL,0,0,Pesquisa,0%,0,0
e gabinete,Correspondência de frase (variação aproximada),Nenhum,[Rodrigo][Search][Leads][Maio],01- Gestão,0,1,0%,BRL,0,0,Pesquisa,0%,0,0
matriz swot online grátis,Correspondência de frase,Nenhum,[Rodrigo][Search][Leads][Maio],00- recomendação google,0,1,0%,BRL,0,0,Pesquisa,0%,0,0
sistema para coworking,Correspondência ampla,Excluído,[Rodrigo][Search][Leads][Maio],01- Gestão,1,1,100%,BRL,"9,66","9,66",Pesquisa,0%,0,0
ferramenta de análise swot,Correspondência exata (variante aproximada),Nenhum,[Rodrigo][Search][Leads][Maio],00- recomendação google,0,2,0%,BRL,0,0,Pesquisa,0%,0,0
analise de swot modelo,Correspondência de frase,Nenhum,[Rodrigo][Search][Leads][Maio],01- Gestão,0,2,0%,BRL,0,0,Pesquisa,0%,0,0
saida de material do almoxarifado,Correspondência ampla,Nenhum,[Rodrigo][Search][Leads][Maio],00- recomendação google,0,1,0%,BRL,0,0,Pesquisa,0%,0,0
orbit spot,Correspondência de frase (variação aproximada),Nenhum,[Rodrigo][Search][Leads][Maio],01- Gestão,0,1,0%,BRL,0,0,Pesquisa,0%,0,0
g suites,Correspondência ampla,Nenhum,[Rodrigo][Search][Leads][Maio],00- recomendação google,0,1,0%,BRL,0,0,Pesquisa,0%,0,0
petrvs plano de trabalho,Correspondência de frase (variação aproximada),Nenhum,[Rodrigo][Search][Leads][Maio],00- recomendação google,0,1,0%,BRL,0,0,Pesquisa,0%,0,0
como fazer crescer uma empresa,Correspondência de frase (variação aproximada),Nenhum,[Rodrigo][Search][Leads][Maio],00- recomendação google,0,1,0%,BRL,0,0,Pesquisa,0%,0,0
neotriad,Correspondência ampla,Nenhum,[Rodrigo][Search][Leads][Maio],00- recomendação google,0,1,0%,BRL,0,0,Pesquisa,0%,0,0
roadmap,Correspondência ampla,Nenhum,[Rodrigo][Search][Leads][Maio],00- recomendação google,0,1,0%,BRL,0,0,Pesquisa,0%,0,0
i9 system,Correspondência de frase (variação aproximada),Nenhum,[Rodrigo][Search][Leads][Maio],01- Gestão,0,3,0%,BRL,0,0,Pesquisa,0%,0,0
seven bi,Correspondência ampla,Nenhum,[Rodrigo][Search][Leads][Maio],01- Gestão,0,2,0%,BRL,0,0,Pesquisa,0%,0,0
como aumentar a venda de um supermercado,Correspondência de frase (variação aproximada),Nenhum,[Rodrigo][Search][Leads][Maio],01- Gestão,0,1,0%,BRL,0,0,Pesquisa,0%,0,0
estrategia de mercado,Correspondência de frase (variação aproximada),Nenhum,[Rodrigo][Search][Leads][Maio],01- Gestão,0,1,0%,BRL,0,0,Pesquisa,0%,0,0
software de gestão publica,Correspondência de frase,Nenhum,[Rodrigo][Search][Leads][Maio],01- Gestão,0,2,0%,BRL,0,0,Pesquisa,0%,0,0
heflo,Correspondência ampla,Nenhum,[Rodrigo][Search][Leads][Maio],01- Gestão,0,1,0%,BRL,0,0,Pesquisa,0%,0,0
planilha matriz gut,Correspondência ampla,Nenhum,[Rodrigo][Search][Leads][Maio],00- recomendação google,0,1,0%,BRL,0,0,Pesquisa,0%,0,0
bpmn processos,Correspondência de frase (variação aproximada),Nenhum,[Rodrigo][Search][Leads][Maio],00- recomendação google,0,1,0%,BRL,0,0,Pesquisa,0%,0,0
planilha de serviços,Correspondência ampla,Nenhum,[Rodrigo][Search][Leads][Maio],01- Gestão,0,1,0%,BRL,0,0,Pesquisa,0%,0,0
heflo,Correspondência ampla,Nenhum,[Rodrigo][Search][Leads][Maio],00- recomendação google,0,1,0%,BRL,0,0,Pesquisa,0%,0,0
ocore,Correspondência de frase (variação aproximada),Nenhum,[Rodrigo][Search][Leads][Maio],01- Gestão,0,1,0%,BRL,0,0,Pesquisa,0%,0,0
o que fazer para aumentar as vendas,Correspondência de frase (variação aproximada),Nenhum,[Rodrigo][Search][Leads][Maio],01- Gestão,0,1,0%,BRL,0,0,Pesquisa,0%,0,0
autem sistema,Correspondência de frase (variação aproximada),Nenhum,[Rodrigo][Search][Leads][Maio],01- Gestão,0,2,0%,BRL,0,0,Pesquisa,0%,0,0
planilha de ordem de produção,Correspondência de frase (variação aproximada),Nenhum,[Rodrigo][Search][Leads][Maio],00- recomendação google,0,2,0%,BRL,0,0,Pesquisa,0%,0,0
orbit gestao,Correspondência ampla,Nenhum,[Rodrigo][Search][Leads][Maio],01- Gestão,3,5,60%,BRL,"6,7","20,1",Pesquisa,0%,0,0
swot pronto,Correspondência de frase (variação aproximada),Nenhum,[Rodrigo][Search][Leads][Maio],00- recomendação google,0,1,0%,BRL,0,0,Pesquisa,0%,0,0
infinity software,Correspondência de frase (variação aproximada),Nenhum,[Rodrigo][Search][Leads][Maio],01- Gestão,0,2,0%,BRL,0,0,Pesquisa,0%,0,0
sistema de gestao,Correspondência exata (variante aproximada),Nenhum,[Rodrigo][Search][Leads][Maio],01- Gestão,1,1,100%,BRL,"3,44","3,44",Pesquisa,0%,0,0
ferramenta análise swot,Correspondência exata (variante aproximada),Nenhum,[Rodrigo][Search][Leads][Maio],00- recomendação google,0,1,0%,BRL,0,0,Pesquisa,0%,0,0
gestão pms,Correspondência de frase (variação aproximada),Nenhum,[Rodrigo][Search][Leads][Maio],01- Gestão,0,1,0%,BRL,0,0,Pesquisa,0%,0,0
análise de mercado como fazer,Correspondência ampla,Nenhum,[Rodrigo][Search][Leads][Maio],01- Gestão,0,1,0%,BRL,0,0,Pesquisa,0%,0,0
aplicativo pcm,Correspondência ampla,Nenhum,[Rodrigo][Search][Leads][Maio],01- Gestão,0,1,0%,BRL,0,0,Pesquisa,0%,0,0
planilha de controle de serviço,Correspondência de frase (variação aproximada),Nenhum,[Rodrigo][Search][Leads][Maio],00- recomendação google,0,1,0%,BRL,0,0,Pesquisa,0%,0,0
modelo de análise de swot editável,Correspondência de frase,Nenhum,[Rodrigo][Search][Leads][Maio],00- recomendação google,0,1,0%,BRL,0,0,Pesquisa,0%,0,0
epratico,Correspondência de frase (variação aproximada),Nenhum,[Rodrigo][Search][Leads][Maio],01- Gestão,0,1,0%,BRL,0,0,Pesquisa,0%,0,0
modelo de analise swot,Correspondência de frase,Nenhum,[Rodrigo][Search][Leads][Maio],01- Gestão,0,1,0%,BRL,0,0,Pesquisa,0%,0,0
namtab,Correspondência ampla,Nenhum,[Rodrigo][Search][Leads][Maio],01- Gestão,0,1,0%,BRL,0,0,Pesquisa,0%,0,0
software planejamento estratégico gratuito,Correspondência exata,Adicionado,[Rodrigo][Search][Leads][Maio],01- Gestão,0,1,0%,BRL,0,0,Pesquisa,0%,0,0
bpmn o que é,Correspondência de frase (variação aproximada),Nenhum,[Rodrigo][Search][Leads][Maio],01- Gestão,0,1,0%,BRL,0,0,Pesquisa,0%,0,0
sistema para prefeituras,Correspondência de frase (variação aproximada),Nenhum,[Rodrigo][Search][Leads][Maio],01- Gestão,0,3,0%,BRL,0,0,Pesquisa,0%,0,0
pdca web,Correspondência de frase (variação aproximada),Nenhum,[Rodrigo][Search][Leads][Maio],01- Gestão,0,1,0%,BRL,0,0,Pesquisa,0%,0,0
swot,Correspondência exata (variante aproximada),Nenhum,[Rodrigo][Search][Leads][Maio],00- recomendação google,0,2,0%,BRL,0,0,Pesquisa,0%,0,0
planilha controle de atendimento excel grátis,Correspondência de frase (variação aproximada),Nenhum,[Rodrigo][Search][Leads][Maio],00- recomendação google,1,1,100%,BRL,"2,02","2,02",Pesquisa,0%,0,0
estrategia de negocio,Correspondência exata (variante aproximada),Nenhum,[Rodrigo][Search][Leads][Maio],01- Gestão,0,1,0%,BRL,0,0,Pesquisa,0%,0,0
orbit,Correspondência exata (variante aproximada),Nenhum,[Rodrigo][Lead][Defesa da marca],Defesa da marca,0,2,0%,BRL,0,0,Pesquisa,0%,0,0
swot analise,Correspondência exata (variante aproximada),Nenhum,[Rodrigo][Search][Leads][Maio],01- Gestão,1,4,25%,BRL,"5,4","5,4",Pesquisa,0%,0,0
gerenciamento produção,Correspondência de frase (variação aproximada),Nenhum,[Rodrigo][Search][Leads][Maio],01- Gestão,0,1,0%,BRL,0,0,Pesquisa,0%,0,0
como fazer meu negócio crescer,Correspondência de frase (variação aproximada),Nenhum,[Rodrigo][Search][Leads][Maio],00- recomendação google,0,1,0%,BRL,0,0,Pesquisa,0%,0,0
caco mafra,Correspondência ampla,Nenhum,[Rodrigo][Search][Leads][Maio],01- Gestão,0,1,0%,BRL,0,0,Pesquisa,0%,0,0
gerenciador de metas,Correspondência de frase (variação aproximada),Nenhum,[Rodrigo][Search][Leads][Maio],01- Gestão,0,3,0%,BRL,0,0,Pesquisa,0%,0,0
orbit erp,Correspondência exata (variante aproximada),Nenhum,[Rodrigo][Lead][Defesa da marca],Defesa da marca,1,1,100%,BRL,"6,73","6,73",Pesquisa,0%,0,0
nomos app,Correspondência de frase (variação aproximada),Nenhum,[Rodrigo][Search][Leads][Maio],01- Gestão,0,1,0%,BRL,0,0,Pesquisa,0%,0,0
hub inteligência e gestão,Correspondência de frase,Nenhum,[Rodrigo][Search][Leads][Maio],01- Gestão,0,2,0%,BRL,0,0,Pesquisa,0%,0,0
modelo de planejamento estrategico,Correspondência de frase,Nenhum,[Rodrigo][Search][Leads][Maio],01- Gestão,0,1,0%,BRL,0,0,Pesquisa,0%,0,0
5s saas,Correspondência de frase (variação aproximada),Nenhum,[Rodrigo][Search][Leads][Maio],01- Gestão,0,2,0%,BRL,0,0,Pesquisa,0%,0,0
gerenciar,Correspondência ampla,Nenhum,[Rodrigo][Search][Leads][Maio],01- Gestão,0,1,0%,BRL,0,0,Pesquisa,0%,0,0
gestão organizacional,Correspondência de frase,Nenhum,[Rodrigo][Search][Leads][Maio],01- Gestão,0,2,0%,BRL,0,0,Pesquisa,0%,0,0
gestão de barbearia grátis,Correspondência de frase (variação aproximada),Nenhum,[Rodrigo][Search][Leads][Maio],01- Gestão,0,1,0%,BRL,0,0,Pesquisa,0%,0,0
zaldi gestão,Correspondência de frase (variação aproximada),Nenhum,[Rodrigo][Search][Leads][Maio],01- Gestão,0,3,0%,BRL,0,0,Pesquisa,0%,0,0
kanban,Correspondência de frase (variação aproximada),Nenhum,[Rodrigo][Search][Leads][Maio],01- Gestão,0,1,0%,BRL,0,0,Pesquisa,0%,0,0
criar uma planilha de controle de estoque,Correspondência de frase (variação aproximada),Nenhum,[Rodrigo][Search][Leads][Maio],00- recomendação google,0,1,0%,BRL,0,0,Pesquisa,0%,0,0
orbit templum,Correspondência de frase (variação aproximada),Nenhum,[Rodrigo][Lead][Defesa da marca],Defesa da marca,1,5,20%,BRL,"2,03","2,03",Pesquisa,0%,0,0
magiic full,Correspondência de frase (variação aproximada),Nenhum,[Rodrigo][Search][Leads][Maio],01- Gestão,0,1,0%,BRL,0,0,Pesquisa,0%,0,0
climb player,Correspondência de frase (variação aproximada),Nenhum,[Rodrigo][Search][Leads][Maio],00- recomendação google,0,1,0%,BRL,0,0,Pesquisa,0%,0,0
como administrar oficina mecanica,Correspondência de frase (variação aproximada),Nenhum,[Rodrigo][Search][Leads][Maio],01- Gestão,0,1,0%,BRL,0,0,Pesquisa,0%,0,0
gestão com ia,Correspondência exata,Adicionado,[Rodrigo][Lead][Defesa da marca],Defesa da marca,0,1,0%,BRL,0,0,Pesquisa,0%,0,0
estratégias de vendas para atrair clientes,Correspondência de frase (variação aproximada),Nenhum,[Rodrigo][Search][Leads][Maio],00- recomendação google,0,1,0%,BRL,0,0,Pesquisa,0%,0,0
planilha de controle de demandas gratuito,Correspondência de frase (variação aproximada),Nenhum,[Rodrigo][Search][Leads][Maio],01- Gestão,0,1,0%,BRL,0,0,Pesquisa,0%,0,0
defina balance,Correspondência ampla,Nenhum,[Rodrigo][Search][Leads][Maio],01- Gestão,0,1,0%,BRL,0,0,Pesquisa,0%,0,0
sistema para ótica gratuito,Correspondência de frase (variação aproximada),Nenhum,[Rodrigo][Search][Leads][Maio],01- Gestão,0,2,0%,BRL,0,0,Pesquisa,0%,0,0
sistema de planejamento estratégico,Correspondência exata,Adicionado,[Rodrigo][Search][Leads][Maio],01- Gestão,0,2,0%,BRL,0,0,Pesquisa,0%,0,0
analise swot editavel,Correspondência de frase,Nenhum,[Rodrigo][Search][Leads][Maio],00- recomendação google,0,1,0%,BRL,0,0,Pesquisa,0%,0,0
organizador de metas,Correspondência de frase (variação aproximada),Nenhum,[Rodrigo][Search][Leads][Maio],01- Gestão,0,2,0%,BRL,0,0,Pesquisa,0%,0,0
estudo de mercado como fazer,Correspondência ampla,Nenhum,[Rodrigo][Search][Leads][Maio],00- recomendação google,1,1,100%,BRL,"4,74","4,74",Pesquisa,0%,0,0
planilha plano de negócios excel,Correspondência de frase (variação aproximada),Nenhum,[Rodrigo][Search][Leads][Maio],00- recomendação google,0,1,0%,BRL,0,0,Pesquisa,0%,0,0
easygestor gratuito,Correspondência de frase (variação aproximada),Nenhum,[Rodrigo][Search][Leads][Maio],01- Gestão,0,1,0%,BRL,0,0,Pesquisa,0%,0,0
eos traction,Correspondência ampla,Nenhum,[Rodrigo][Search][Leads][Maio],00- recomendação google,0,1,0%,BRL,0,0,Pesquisa,0%,0,0
x4plan,Correspondência ampla,Nenhum,[Rodrigo][Search][Leads][Maio],00- recomendação google,0,1,0%,BRL,0,0,Pesquisa,0%,0,0
paragon com br,Correspondência ampla,Nenhum,[Rodrigo][Search][Leads][Maio],00- recomendação google,0,1,0%,BRL,0,0,Pesquisa,0%,0,0
fluxograma b2b,Correspondência de frase (variação aproximada),Nenhum,[Rodrigo][Search][Leads][Maio],01- Gestão,0,1,0%,BRL,0,0,Pesquisa,0%,0,0
ferramenta de gestão de processos,Correspondência de frase,Nenhum,[Rodrigo][Search][Leads][Maio],01- Gestão,0,3,0%,BRL,0,0,Pesquisa,0%,0,0
plano de gestão pronto,Correspondência de frase,Nenhum,[Rodrigo][Search][Leads][Maio],01- Gestão,0,1,0%,BRL,0,0,Pesquisa,0%,0,0
zistemo,Correspondência ampla,Nenhum,[Rodrigo][Search][Leads][Maio],00- recomendação google,0,1,0%,BRL,0,0,Pesquisa,0%,0,0
plano de marketing,Correspondência de frase (variação aproximada),Nenhum,[Rodrigo][Search][Leads][Maio],01- Gestão,0,1,0%,BRL,0,0,Pesquisa,0%,0,0
indicador de liquidez,Correspondência ampla,Nenhum,[Rodrigo][Search][Leads][Maio],01- Gestão,0,1,0%,BRL,0,0,Pesquisa,0%,0,0
fmt softwares,Correspondência ampla,Nenhum,[Rodrigo][Search][Leads][Maio],01- Gestão,0,2,0%,BRL,0,0,Pesquisa,0%,0,0
organização fabrica,Correspondência de frase (variação aproximada),Nenhum,[Rodrigo][Search][Leads][Maio],01- Gestão,0,1,0%,BRL,0,0,Pesquisa,0%,0,0
software planejamento estrategico,Correspondência exata (variante aproximada),Nenhum,[Rodrigo][Search][Leads][Maio],01- Gestão,0,1,0%,BRL,0,0,Pesquisa,0%,0,0
matriz fofa para preencher,Correspondência de frase (variação aproximada),Nenhum,[Rodrigo][Search][Leads][Maio],00- recomendação google,0,1,0%,BRL,0,0,Pesquisa,0%,0,0
ferramentas de gestão,Correspondência de frase,Nenhum,[Rodrigo][Search][Leads][Maio],01- Gestão,0,2,0%,BRL,0,0,Pesquisa,0%,0,0
teste swot,Correspondência de frase (variação aproximada),Nenhum,[Rodrigo][Search][Leads][Maio],01- Gestão,0,1,0%,BRL,0,0,Pesquisa,0%,0,0
gestão de estagiários,Correspondência de frase,Nenhum,[Rodrigo][Search][Leads][Maio],01- Gestão,0,4,0%,BRL,0,0,Pesquisa,0%,0,0
estrategia de marketing,Correspondência ampla,Nenhum,[Rodrigo][Search][Leads][Maio],00- recomendação google,0,1,0%,BRL,0,0,Pesquisa,0%,0,0
skywork slide,Correspondência de frase (variação aproximada),Nenhum,[Rodrigo][Search][Leads][Maio],00- recomendação google,0,1,0%,BRL,0,0,Pesquisa,0%,0,0
minha empresa,Correspondência ampla,Nenhum,[Rodrigo][Search][Leads][Maio],01- Gestão,0,1,0%,BRL,0,0,Pesquisa,0%,0,0
inventário almoxarifado,Correspondência ampla,Nenhum,[Rodrigo][Search][Leads][Maio],01- Gestão,0,1,0%,BRL,0,0,Pesquisa,0%,0,0
swot analise,Correspondência exata (variante aproximada),Nenhum,[Rodrigo][Search][Leads][Maio],00- recomendação google,0,2,0%,BRL,0,0,Pesquisa,0%,0,0
skywork,Correspondência ampla,Nenhum,[Rodrigo][Search][Leads][Maio],00- recomendação google,0,2,0%,BRL,0,0,Pesquisa,0%,0,0
quírons,Correspondência de frase (variação aproximada),Nenhum,[Rodrigo][Search][Leads][Maio],01- Gestão,0,1,0%,BRL,0,0,Pesquisa,0%,0,0
sistema erp gratuito,Correspondência de frase (variação aproximada),Nenhum,[Rodrigo][Search][Leads][Maio],01- Gestão,0,2,0%,BRL,0,0,Pesquisa,0%,0,0
flowservices,Correspondência ampla,Nenhum,[Rodrigo][Search][Leads][Maio],01- Gestão,0,1,0%,BRL,0,0,Pesquisa,0%,0,0
blue focus,Correspondência ampla,Nenhum,[Rodrigo][Search][Leads][Maio],01- Gestão,0,1,0%,BRL,0,0,Pesquisa,0%,0,0
análise swot editável grátis,Correspondência de frase,Nenhum,[Rodrigo][Search][Leads][Maio],00- recomendação google,0,2,0%,BRL,0,0,Pesquisa,0%,0,0
cadastro pcm,Correspondência ampla,Nenhum,[Rodrigo][Search][Leads][Maio],01- Gestão,0,1,0%,BRL,0,0,Pesquisa,0%,0,0
eagle system,Correspondência ampla,Nenhum,[Rodrigo][Search][Leads][Maio],01- Gestão,0,3,0%,BRL,0,0,Pesquisa,0%,0,0
como fazer um marketing de uma empresa,Correspondência de frase (variação aproximada),Nenhum,[Rodrigo][Search][Leads][Maio],00- recomendação google,0,2,0%,BRL,0,0,Pesquisa,0%,0,0
skywork all in one,Correspondência de frase (variação aproximada),Nenhum,[Rodrigo][Search][Leads][Maio],01- Gestão,0,2,0%,BRL,0,0,Pesquisa,0%,0,0
orbit,Correspondência ampla,Nenhum,[Rodrigo][Lead][Defesa da marca],Defesa da marca,0,13,0%,BRL,0,0,Pesquisa,0%,0,0
gestão life,Correspondência de frase (variação aproximada),Nenhum,[Rodrigo][Search][Leads][Maio],00- recomendação google,0,1,0%,BRL,0,0,Pesquisa,0%,0,0
software gestão ambiental gratuito,Correspondência de frase,Nenhum,[Rodrigo][Search][Leads][Maio],01- Gestão,0,1,0%,BRL,0,0,Pesquisa,0%,0,0
monday,Correspondência ampla,Nenhum,[Rodrigo][Search][Leads][Maio],01- Gestão,0,3,0%,BRL,0,0,Pesquisa,0%,0,0
procfy,Correspondência ampla,Nenhum,[Rodrigo][Search][Leads][Maio],01- Gestão,0,1,0%,BRL,0,0,Pesquisa,0%,0,0
metas,Correspondência ampla,Nenhum,[Rodrigo][Search][Leads][Maio],01- Gestão,0,1,0%,BRL,0,0,Pesquisa,0%,0,0
planilha de produção de funcionarios,Correspondência ampla,Nenhum,[Rodrigo][Lead][Defesa da marca],Defesa da marca,1,2,50%,BRL,"2,56","2,56",Pesquisa,0%,0,0
metodos de administração,Correspondência ampla,Nenhum,[Rodrigo][Search][Leads][Maio],00- recomendação google,0,2,0%,BRL,0,0,Pesquisa,0%,0,0
fourloop,Correspondência de frase (variação aproximada),Nenhum,[Rodrigo][Search][Leads][Maio],00- recomendação google,0,4,0%,BRL,0,0,Pesquisa,0%,0,0
bpmn processos,Correspondência de frase (variação aproximada),Nenhum,[Rodrigo][Search][Leads][Maio],01- Gestão,0,3,0%,BRL,0,0,Pesquisa,0%,0,0
swot ia,Correspondência de frase (variação aproximada),Nenhum,[Rodrigo][Search][Leads][Maio],01- Gestão,1,1,100%,BRL,"1,98","1,98",Pesquisa,0%,0,0
zaldi gestão,Correspondência de frase,Nenhum,[Rodrigo][Search][Leads][Maio],01- Gestão,0,3,0%,BRL,0,0,Pesquisa,0%,0,0
omie,Correspondência ampla,Nenhum,[Rodrigo][Lead][Defesa da marca],Defesa da marca,0,1,0%,BRL,0,0,Pesquisa,0%,0,0
exemplo de análise swot pessoal,Correspondência de frase,Nenhum,[Rodrigo][Search][Leads][Maio],00- recomendação google,0,1,0%,BRL,0,0,Pesquisa,0%,0,0
facil gestao,Correspondência de frase (variação aproximada),Nenhum,[Rodrigo][Search][Leads][Maio],01- Gestão,0,1,0%,BRL,0,0,Pesquisa,0%,0,0
koncepto,Correspondência ampla,Nenhum,[Rodrigo][Search][Leads][Maio],00- recomendação google,0,1,0%,BRL,0,0,Pesquisa,0%,0,0
análise swot exemplo,Correspondência de frase,Nenhum,[Rodrigo][Search][Leads][Maio],01- Gestão,0,1,0%,BRL,0,0,Pesquisa,0%,0,0
smartkanvas,Correspondência de frase (variação aproximada),Nenhum,[Rodrigo][Search][Leads][Maio],01- Gestão,0,1,0%,BRL,0,0,Pesquisa,0%,0,0
konclui,Correspondência de frase (variação aproximada),Nenhum,[Rodrigo][Search][Leads][Maio],01- Gestão,0,7,0%,BRL,0,0,Pesquisa,0%,0,0
gestão de processos e gestão por processos,Correspondência de frase,Nenhum,[Rodrigo][Search][Leads][Maio],01- Gestão,0,2,0%,BRL,0,0,Pesquisa,0%,0,0
redde consultoria,Correspondência ampla,Nenhum,[Rodrigo][Search][Leads][Maio],00- recomendação google,0,1,0%,BRL,0,0,Pesquisa,0%,0,0
elevora,Correspondência ampla,Nenhum,[Rodrigo][Search][Leads][Maio],00- recomendação google,0,1,0%,BRL,0,0,Pesquisa,0%,0,0
eugestor,Correspondência ampla,Nenhum,[Rodrigo][Search][Leads][Maio],01- Gestão,0,1,0%,BRL,0,0,Pesquisa,0%,0,0
sistema para drogaria gratuito,Correspondência de frase (variação aproximada),Nenhum,[Rodrigo][Search][Leads][Maio],01- Gestão,0,1,0%,BRL,0,0,Pesquisa,0%,0,0
boechat gestão empresarial,Correspondência de frase,Nenhum,[Rodrigo][Search][Leads][Maio],01- Gestão,0,1,0%,BRL,0,0,Pesquisa,0%,0,0
analise de empresa,Correspondência ampla,Nenhum,[Rodrigo][Search][Leads][Maio],01- Gestão,0,1,0%,BRL,0,0,Pesquisa,0%,0,0
oitchau,Correspondência ampla,Nenhum,[Rodrigo][Search][Leads][Maio],01- Gestão,0,1,0%,BRL,0,0,Pesquisa,0%,0,0
controle agil,Correspondência ampla,Nenhum,[Rodrigo][Search][Leads][Maio],01- Gestão,0,1,0%,BRL,0,0,Pesquisa,0%,0,0
gerenciador de provedor de internet,Correspondência de frase (variação aproximada),Nenhum,[Rodrigo][Search][Leads][Maio],01- Gestão,0,1,0%,BRL,0,0,Pesquisa,0%,0,0
service swot analysis,Correspondência de frase (variação aproximada),Nenhum,[Rodrigo][Search][Leads][Maio],01- Gestão,0,1,0%,BRL,0,0,Pesquisa,0%,0,0
intelicorp,Correspondência ampla,Nenhum,[Rodrigo][Search][Leads][Maio],00- recomendação google,0,1,0%,BRL,0,0,Pesquisa,0%,0,0
maximizze,Correspondência ampla,Nenhum,[Rodrigo][Search][Leads][Maio],01- Gestão,0,2,0%,BRL,0,0,Pesquisa,0%,0,0
sisgato,Correspondência de frase (variação aproximada),Nenhum,[Rodrigo][Search][Leads][Maio],01- Gestão,0,1,0%,BRL,0,0,Pesquisa,0%,0,0
sistema tria,Correspondência de frase (variação aproximada),Nenhum,[Rodrigo][Search][Leads][Maio],01- Gestão,0,1,0%,BRL,0,0,Pesquisa,0%,0,0
planilha de controle de processos,Correspondência de frase (variação aproximada),Nenhum,[Rodrigo][Search][Leads][Maio],01- Gestão,0,1,0%,BRL,0,0,Pesquisa,0%,0,0
app para oficina mecânica grátis,Correspondência de frase (variação aproximada),Nenhum,[Rodrigo][Search][Leads][Maio],01- Gestão,0,3,0%,BRL,0,0,Pesquisa,0%,0,0
opencatman,Correspondência de frase (variação aproximada),Nenhum,[Rodrigo][Search][Leads][Maio],01- Gestão,0,1,0%,BRL,0,0,Pesquisa,0%,0,0
gap bi,Correspondência de frase (variação aproximada),Nenhum,[Rodrigo][Search][Leads][Maio],01- Gestão,0,1,0%,BRL,0,0,Pesquisa,0%,0,0
supravizio,Correspondência de frase (variação aproximada),Nenhum,[Rodrigo][Search][Leads][Maio],01- Gestão,0,1,0%,BRL,0,0,Pesquisa,0%,0,0
software de manutenção,Correspondência de frase (variação aproximada),Nenhum,[Rodrigo][Search][Leads][Maio],01- Gestão,0,1,0%,BRL,0,0,Pesquisa,0%,0,0
gestão e guarda de documentos,Correspondência de frase,Nenhum,[Rodrigo][Search][Leads][Maio],01- Gestão,0,1,0%,BRL,0,0,Pesquisa,0%,0,0
igest pro,Correspondência de frase (variação aproximada),Nenhum,[Rodrigo][Search][Leads][Maio],01- Gestão,0,1,0%,BRL,0,0,Pesquisa,0%,0,0
jestor,Correspondência ampla,Nenhum,[Rodrigo][Search][Leads][Maio],00- recomendação google,0,1,0%,BRL,0,0,Pesquisa,0%,0,0
daily control system,Correspondência de frase (variação aproximada),Nenhum,[Rodrigo][Search][Leads][Maio],01- Gestão,0,1,0%,BRL,0,0,Pesquisa,0%,0,0
company roadmap,Correspondência ampla,Nenhum,[Rodrigo][Search][Leads][Maio],01- Gestão,0,1,0%,BRL,0,0,Pesquisa,0%,0,0
link gestão,Correspondência de frase,Nenhum,[Rodrigo][Search][Leads][Maio],01- Gestão,0,1,0%,BRL,0,0,Pesquisa,0%,0,0
atmis gestão,Correspondência de frase,Nenhum,[Rodrigo][Search][Leads][Maio],01- Gestão,0,1,0%,BRL,0,0,Pesquisa,0%,0,0
ferramenta swot,Correspondência exata (variante aproximada),Nenhum,[Rodrigo][Search][Leads][Maio],00- recomendação google,0,1,0%,BRL,0,0,Pesquisa,0%,0,0
como aumentar vendas no ifood,Correspondência de frase (variação aproximada),Nenhum,[Rodrigo][Search][Leads][Maio],01- Gestão,0,1,0%,BRL,0,0,Pesquisa,0%,0,0
gestao 3.0,Correspondência de frase,Nenhum,[Rodrigo][Search][Leads][Maio],01- Gestão,0,1,0%,BRL,0,0,Pesquisa,0%,0,0
como montar um layout de uma empresa,Correspondência ampla,Nenhum,[Rodrigo][Search][Leads][Maio],01- Gestão,0,1,0%,BRL,0,0,Pesquisa,0%,0,0
análise swot pessoal teste online,Correspondência de frase,Nenhum,[Rodrigo][Search][Leads][Maio],01- Gestão,0,1,0%,BRL,0,0,Pesquisa,0%,0,0
saida de material do almoxarifado,Correspondência ampla,Nenhum,[Rodrigo][Search][Leads][Maio],01- Gestão,0,1,0%,BRL,0,0,Pesquisa,0%,0,0
análise swot pessoal online,Correspondência de frase,Nenhum,[Rodrigo][Search][Leads][Maio],01- Gestão,1,2,50%,BRL,"2,07","2,07",Pesquisa,0%,0,0
gestor v3,Correspondência de frase (variação aproximada),Nenhum,[Rodrigo][Search][Leads][Maio],01- Gestão,0,3,0%,BRL,0,0,Pesquisa,0%,0,0
fofa matriz,Correspondência exata (variante aproximada),Nenhum,[Rodrigo][Search][Leads][Maio],00- recomendação google,0,1,0%,BRL,0,0,Pesquisa,0%,0,0
planeja facil,Correspondência de frase (variação aproximada),Nenhum,[Rodrigo][Search][Leads][Maio],01- Gestão,0,1,0%,BRL,0,0,Pesquisa,0%,0,0
elegis gestão estratégica,Correspondência de frase,Nenhum,[Rodrigo][Search][Leads][Maio],00- recomendação google,0,1,0%,BRL,0,0,Pesquisa,0%,0,0
matriz esforço x impacto,Correspondência ampla,Nenhum,[Rodrigo][Search][Leads][Maio],00- recomendação google,0,1,0%,BRL,0,0,Pesquisa,0%,0,0
anota ai,Correspondência ampla,Nenhum,[Rodrigo][Search][Leads][Maio],01- Gestão,0,3,0%,BRL,0,0,Pesquisa,0%,0,0
mónica software,Correspondência de frase (variação aproximada),Nenhum,[Rodrigo][Search][Leads][Maio],01- Gestão,0,1,0%,BRL,0,0,Pesquisa,0%,0,0
como fazer parceria,Correspondência ampla,Nenhum,[Rodrigo][Search][Leads][Maio],01- Gestão,0,1,0%,BRL,0,0,Pesquisa,0%,0,0
planilha de controle de vagas rh grátis,Correspondência de frase (variação aproximada),Nenhum,[Rodrigo][Search][Leads][Maio],00- recomendação google,0,1,0%,BRL,0,0,Pesquisa,0%,0,0
quality digital,Correspondência ampla,Nenhum,[Rodrigo][Search][Leads][Maio],00- recomendação google,0,3,0%,BRL,0,0,Pesquisa,0%,0,0
sistema de gestão de processos,Correspondência de frase,Nenhum,[Rodrigo][Search][Leads][Maio],01- Gestão,0,1,0%,BRL,0,0,Pesquisa,0%,0,0
sistema promax ambev,Correspondência de frase (variação aproximada),Nenhum,[Rodrigo][Search][Leads][Maio],01- Gestão,0,1,0%,BRL,0,0,Pesquisa,0%,0,0
sistema orbita,Correspondência de frase (variação aproximada),Nenhum,[Rodrigo][Search][Leads][Maio],01- Gestão,0,5,0%,BRL,0,0,Pesquisa,0%,0,0
wisecons,Correspondência ampla,Nenhum,[Rodrigo][Search][Leads][Maio],01- Gestão,0,2,0%,BRL,0,0,Pesquisa,0%,0,0
melhorias de processos,Correspondência de frase (variação aproximada),Nenhum,[Rodrigo][Search][Leads][Maio],01- Gestão,0,1,0%,BRL,0,0,Pesquisa,0%,0,0
sistema para distribuição,Correspondência de frase (variação aproximada),Nenhum,[Rodrigo][Search][Leads][Maio],01- Gestão,1,2,50%,BRL,"36,97","36,97",Pesquisa,0%,0,0
doxmanager,Correspondência de frase (variação aproximada),Nenhum,[Rodrigo][Search][Leads][Maio],01- Gestão,0,1,0%,BRL,0,0,Pesquisa,0%,0,0
sistema para marmoraria gratuito,Correspondência de frase (variação aproximada),Nenhum,[Rodrigo][Search][Leads][Maio],01- Gestão,0,1,0%,BRL,0,0,Pesquisa,0%,0,0
orbit,Correspondência ampla,Nenhum,[Rodrigo][Search][Leads][Maio],01- Gestão,5,158,"3,16%",BRL,"7,51","37,53",Pesquisa,0%,0,0
sga gratuito,Correspondência de frase (variação aproximada),Nenhum,[Rodrigo][Search][Leads][Maio],01- Gestão,0,1,0%,BRL,0,0,Pesquisa,0%,0,0
swot online,Correspondência de frase (variação aproximada),Nenhum,[Rodrigo][Search][Leads][Maio],00- recomendação google,0,1,0%,BRL,0,0,Pesquisa,0%,0,0
gerenciamento de processos,Correspondência exata (variante aproximada),Nenhum,[Rodrigo][Search][Leads][Maio],01- Gestão,0,2,0%,BRL,0,0,Pesquisa,0%,0,0
como fazer sua empresa crescer,Correspondência de frase (variação aproximada),Nenhum,[Rodrigo][Search][Leads][Maio],01- Gestão,0,1,0%,BRL,0,0,Pesquisa,0%,0,0
apifull,Correspondência ampla,Nenhum,[Rodrigo][Search][Leads][Maio],01- Gestão,0,1,0%,BRL,0,0,Pesquisa,0%,0,0
oquesobra,Correspondência de frase (variação aproximada),Nenhum,[Rodrigo][Search][Leads][Maio],00- recomendação google,0,2,0%,BRL,0,0,Pesquisa,0%,0,0
biexplorer,Correspondência ampla,Nenhum,[Rodrigo][Search][Leads][Maio],01- Gestão,0,1,0%,BRL,0,0,Pesquisa,0%,0,0
autem gestao inteligente,Correspondência de frase (variação aproximada),Nenhum,[Rodrigo][Search][Leads][Maio],01- Gestão,0,1,0%,BRL,0,0,Pesquisa,0%,0,0
swot analysis,Correspondência exata (variante aproximada),Nenhum,[Rodrigo][Search][Leads][Maio],01- Gestão,0,2,0%,BRL,0,0,Pesquisa,0%,0,0
gestao de produtos,Correspondência de frase,Nenhum,[Rodrigo][Search][Leads][Maio],01- Gestão,0,2,0%,BRL,0,0,Pesquisa,0%,0,0
análise swot,Correspondência exata (variante aproximada),Nenhum,[Rodrigo][Search][Leads][Maio],01- Gestão,0,7,0%,BRL,0,0,Pesquisa,0%,0,0
upflux o que é,Correspondência de frase (variação aproximada),Nenhum,[Rodrigo][Search][Leads][Maio],00- recomendação google,0,1,0%,BRL,0,0,Pesquisa,0%,0,0
plataforma de produtividade brasil mais produtivo,Correspondência ampla,Nenhum,[Rodrigo][Search][Leads][Maio],00- recomendação google,0,1,0%,BRL,0,0,Pesquisa,0%,0,0
portalevolucao,Correspondência de frase (variação aproximada),Nenhum,[Rodrigo][Search][Leads][Maio],00- recomendação google,0,1,0%,BRL,0,0,Pesquisa,0%,0,0
solarq,Correspondência ampla,Nenhum,[Rodrigo][Search][Leads][Maio],01- Gestão,0,1,0%,BRL,0,0,Pesquisa,0%,0,0
ciclo dourado,Correspondência ampla,Nenhum,[Rodrigo][Search][Leads][Maio],01- Gestão,0,1,0%,BRL,0,0,Pesquisa,0%,0,0
analise swot empresa,Correspondência exata,Adicionado,[Rodrigo][Search][Leads][Maio],01- Gestão,0,3,0%,BRL,0,0,Pesquisa,0%,0,0
gestao de demandas,Correspondência de frase,Nenhum,[Rodrigo][Search][Leads][Maio],01- Gestão,0,1,0%,BRL,0,0,Pesquisa,0%,0,0
orbit templum,Correspondência ampla,Nenhum,[Rodrigo][Search][Leads][Maio],00- recomendação google,1,2,50%,BRL,"9,26","9,26",Pesquisa,0%,0,0
modelo diagnóstico,Correspondência ampla,Nenhum,[Rodrigo][Search][Leads][Maio],00- recomendação google,0,2,0%,BRL,0,0,Pesquisa,0%,0,0
ferramenta para fazer organograma,Correspondência ampla,Nenhum,[Rodrigo][Search][Leads][Maio],00- recomendação google,2,2,100%,BRL,"4,41","8,81",Pesquisa,0%,0,0
mixti fori,Correspondência de frase (variação aproximada),Nenhum,[Rodrigo][Search][Leads][Maio],00- recomendação google,0,1,0%,BRL,0,0,Pesquisa,0%,0,0
gestio erp,Correspondência exata (variante aproximada),Nenhum,[Rodrigo][Search][Leads][Maio],01- Gestão,0,3,0%,BRL,0,0,Pesquisa,0%,0,0
gestão de,Correspondência de frase,Nenhum,[Rodrigo][Search][Leads][Maio],01- Gestão,0,4,0%,BRL,0,0,Pesquisa,0%,0,0
htt acesse one onclj,Correspondência de frase (variação aproximada),Nenhum,[Rodrigo][Search][Leads][Maio],01- Gestão,0,1,0%,BRL,0,0,Pesquisa,0%,0,0
sistema para rh gratuito,Correspondência de frase (variação aproximada),Nenhum,[Rodrigo][Search][Leads][Maio],01- Gestão,0,1,0%,BRL,0,0,Pesquisa,0%,0,0
atria gestão oferta digital,Correspondência de frase (variação aproximada),Nenhum,[Rodrigo][Search][Leads][Maio],01- Gestão,0,1,0%,BRL,0,0,Pesquisa,0%,0,0
planilha produtiva,Correspondência ampla,Nenhum,[Rodrigo][Search][Leads][Maio],00- recomendação google,0,1,0%,BRL,0,0,Pesquisa,0%,0,0
criar analise swot,Correspondência de frase (variação aproximada),Nenhum,[Rodrigo][Search][Leads][Maio],00- recomendação google,0,1,0%,BRL,0,0,Pesquisa,0%,0,0
deskflows,Correspondência de frase (variação aproximada),Nenhum,[Rodrigo][Search][Leads][Maio],01- Gestão,0,2,0%,BRL,0,0,Pesquisa,0%,0,0
planilha de planejamento estratégico,Correspondência de frase (variação aproximada),Nenhum,[Rodrigo][Search][Leads][Maio],00- recomendação google,0,1,0%,BRL,0,0,Pesquisa,0%,0,0
blink strategies,Correspondência ampla,Nenhum,[Rodrigo][Search][Leads][Maio],01- Gestão,0,1,0%,BRL,0,0,Pesquisa,0%,0,0
pestal sheet,Correspondência ampla,Nenhum,[Rodrigo][Search][Leads][Maio],01- Gestão,0,1,0%,BRL,0,0,Pesquisa,0%,0,0
system site,Correspondência ampla,Nenhum,[Rodrigo][Search][Leads][Maio],01- Gestão,0,1,0%,BRL,0,0,Pesquisa,0%,0,0
exa gestão stand,Correspondência de frase (variação aproximada),Nenhum,[Rodrigo][Search][Leads][Maio],01- Gestão,0,1,0%,BRL,0,0,Pesquisa,0%,0,0
sistema nexdom,Correspondência de frase (variação aproximada),Nenhum,[Rodrigo][Search][Leads][Maio],01- Gestão,0,1,0%,BRL,0,0,Pesquisa,0%,0,0
qontrol ia,Correspondência de frase (variação aproximada),Nenhum,[Rodrigo][Search][Leads][Maio],01- Gestão,0,2,0%,BRL,0,0,Pesquisa,0%,0,0
modelos de plano de negocios,Correspondência ampla,Nenhum,[Rodrigo][Search][Leads][Maio],00- recomendação google,0,2,0%,BRL,0,0,Pesquisa,0%,0,0
shoficina,Correspondência de frase (variação aproximada),Nenhum,[Rodrigo][Search][Leads][Maio],01- Gestão,0,2,0%,BRL,0,0,Pesquisa,0%,0,0
modelo de matriz swot para preencher,Correspondência de frase,Nenhum,[Rodrigo][Search][Leads][Maio],00- recomendação google,1,1,100%,BRL,"1,9","1,9",Pesquisa,0%,0,0
unisoma,Correspondência ampla,Nenhum,[Rodrigo][Search][Leads][Maio],01- Gestão,0,1,0%,BRL,0,0,Pesquisa,0%,0,0
pontta,Correspondência ampla,Nenhum,[Rodrigo][Search][Leads][Maio],00- recomendação google,0,1,0%,BRL,0,0,Pesquisa,0%,0,0
business map,Correspondência de frase (variação aproximada),Nenhum,[Rodrigo][Search][Leads][Maio],01- Gestão,0,1,0%,BRL,0,0,Pesquisa,0%,0,0
rm sistemas,Correspondência ampla,Nenhum,[Rodrigo][Search][Leads][Maio],01- Gestão,0,1,0%,BRL,0,0,Pesquisa,0%,0,0
muvstok,Correspondência de frase (variação aproximada),Nenhum,[Rodrigo][Search][Leads][Maio],01- Gestão,0,1,0%,BRL,0,0,Pesquisa,0%,0,0
licinexus,Correspondência ampla,Nenhum,[Rodrigo][Search][Leads][Maio],00- recomendação google,0,1,0%,BRL,0,0,Pesquisa,0%,0,0
empresa orbita,Correspondência ampla,Nenhum,[Rodrigo][Search][Leads][Maio],01- Gestão,0,2,0%,BRL,0,0,Pesquisa,0%,0,0
teste swot online grátis,Correspondência de frase (variação aproximada),Nenhum,[Rodrigo][Search][Leads][Maio],01- Gestão,0,1,0%,BRL,0,0,Pesquisa,0%,0,0
strategy house,Correspondência ampla,Nenhum,[Rodrigo][Search][Leads][Maio],00- recomendação google,0,1,0%,BRL,0,0,Pesquisa,0%,0,0
plataforma da produtividade,Correspondência ampla,Nenhum,[Rodrigo][Search][Leads][Maio],01- Gestão,0,1,0%,BRL,0,0,Pesquisa,0%,0,0
sistema orbit,Correspondência de frase (variação aproximada),Nenhum,[Rodrigo][Search][Leads][Maio],01- Gestão,0,2,0%,BRL,0,0,Pesquisa,0%,0,0
sistema safe,Correspondência ampla,Nenhum,[Rodrigo][Search][Leads][Maio],01- Gestão,0,1,0%,BRL,0,0,Pesquisa,0%,0,0
análise swot para preencher,Correspondência de frase,Nenhum,[Rodrigo][Search][Leads][Maio],01- Gestão,0,2,0%,BRL,0,0,Pesquisa,0%,0,0
planilha de objetivos,Correspondência de frase (variação aproximada),Nenhum,[Rodrigo][Search][Leads][Maio],01- Gestão,0,1,0%,BRL,0,0,Pesquisa,0%,0,0
gerentte,Correspondência de frase (variação aproximada),Nenhum,[Rodrigo][Search][Leads][Maio],01- Gestão,0,2,0%,BRL,0,0,Pesquisa,0%,0,0
orbit sistema,Correspondência de frase (variação aproximada),Nenhum,[Rodrigo][Search][Leads][Maio],01- Gestão,1,4,25%,BRL,19,19,Pesquisa,0%,0,0
roadmap pro,Correspondência de frase (variação aproximada),Nenhum,[Rodrigo][Search][Leads][Maio],00- recomendação google,0,1,0%,BRL,0,0,Pesquisa,0%,0,0
pcm,Correspondência ampla,Nenhum,[Rodrigo][Search][Leads][Maio],01- Gestão,0,4,0%,BRL,0,0,Pesquisa,0%,0,0
skywork ai,Correspondência ampla,Nenhum,[Rodrigo][Search][Leads][Maio],01- Gestão,0,12,0%,BRL,0,0,Pesquisa,0%,0,0
pestwase,Correspondência ampla,Nenhum,[Rodrigo][Search][Leads][Maio],01- Gestão,0,2,0%,BRL,0,0,Pesquisa,0%,0,0
alpha system,Correspondência ampla,Nenhum,[Rodrigo][Search][Leads][Maio],01- Gestão,0,1,0%,BRL,0,0,Pesquisa,0%,0,0
como fazer o marketing da minha empresa,Correspondência de frase (variação aproximada),Nenhum,[Rodrigo][Search][Leads][Maio],01- Gestão,0,1,0%,BRL,0,0,Pesquisa,0%,0,0
o que é gestão de processos,Correspondência de frase,Nenhum,[Rodrigo][Search][Leads][Maio],01- Gestão,0,1,0%,BRL,0,0,Pesquisa,0%,0,0
lean canvas,Correspondência ampla,Nenhum,[Rodrigo][Search][Leads][Maio],00- recomendação google,0,1,0%,BRL,0,0,Pesquisa,0%,0,0
gradus,Correspondência ampla,Nenhum,[Rodrigo][Search][Leads][Maio],01- Gestão,0,1,0%,BRL,0,0,Pesquisa,0%,0,0
projectmind,Correspondência ampla,Nenhum,[Rodrigo][Search][Leads][Maio],00- recomendação google,0,1,0%,BRL,0,0,Pesquisa,0%,0,0
como montar um escopo,Correspondência ampla,Nenhum,[Rodrigo][Search][Leads][Maio],01- Gestão,0,1,0%,BRL,0,0,Pesquisa,0%,0,0
como controlar tarefas,Correspondência de frase (variação aproximada),Nenhum,[Rodrigo][Search][Leads][Maio],01- Gestão,0,1,0%,BRL,0,0,Pesquisa,0%,0,0
dicas de marketing para atrair clientes,Correspondência de frase (variação aproximada),Nenhum,[Rodrigo][Search][Leads][Maio],01- Gestão,0,1,0%,BRL,0,0,Pesquisa,0%,0,0
defina gerenciar,Correspondência ampla,Nenhum,[Rodrigo][Search][Leads][Maio],01- Gestão,0,1,0%,BRL,0,0,Pesquisa,0%,0,0
mapeamento de serviços,Correspondência de frase (variação aproximada),Nenhum,[Rodrigo][Search][Leads][Maio],01- Gestão,0,1,0%,BRL,0,0,Pesquisa,0%,0,0
wiesoo,Correspondência de frase (variação aproximada),Nenhum,[Rodrigo][Search][Leads][Maio],01- Gestão,0,1,0%,BRL,0,0,Pesquisa,0%,0,0
cange,Correspondência ampla,Nenhum,[Rodrigo][Search][Leads][Maio],01- Gestão,0,1,0%,BRL,0,0,Pesquisa,0%,0,0
criar analise swot,Correspondência de frase,Nenhum,[Rodrigo][Search][Leads][Maio],00- recomendação google,0,2,0%,BRL,0,0,Pesquisa,0%,0,0
zappfy,Correspondência ampla,Nenhum,[Rodrigo][Search][Leads][Maio],00- recomendação google,0,1,0%,BRL,0,0,Pesquisa,0%,0,0
modelo de plano de gestão,Correspondência de frase,Nenhum,[Rodrigo][Search][Leads][Maio],01- Gestão,0,2,0%,BRL,0,0,Pesquisa,0%,0,0
miniorbit,Correspondência ampla,Nenhum,[Rodrigo][Search][Leads][Maio],00- recomendação google,0,1,0%,BRL,0,0,Pesquisa,0%,0,0
meisterplan,Correspondência ampla,Nenhum,[Rodrigo][Search][Leads][Maio],01- Gestão,0,1,0%,BRL,0,0,Pesquisa,0%,0,0
o poder da gestao,Correspondência de frase,Nenhum,[Rodrigo][Search][Leads][Maio],01- Gestão,0,1,0%,BRL,0,0,Pesquisa,0%,0,0
analise de concorrentes,Correspondência ampla,Nenhum,[Rodrigo][Search][Leads][Maio],00- recomendação google,0,1,0%,BRL,0,0,Pesquisa,0%,0,0
analise swot para preencher,Correspondência de frase,Nenhum,[Rodrigo][Search][Leads][Maio],01- Gestão,0,1,0%,BRL,0,0,Pesquisa,0%,0,0
contaflow,Correspondência ampla,Nenhum,[Rodrigo][Search][Leads][Maio],01- Gestão,0,1,0%,BRL,0,0,Pesquisa,0%,0,0
dr gestao,Correspondência ampla,Nenhum,[Rodrigo][Search][Leads][Maio],01- Gestão,1,3,"33,33%",BRL,"2,76","2,76",Pesquisa,0%,0,0
fazer analise swot,Correspondência exata (variante aproximada),Nenhum,[Rodrigo][Search][Leads][Maio],01- Gestão,0,1,0%,BRL,0,0,Pesquisa,0%,0,0
ah gestao,Correspondência de frase,Nenhum,[Rodrigo][Search][Leads][Maio],01- Gestão,0,5,0%,BRL,0,0,Pesquisa,0%,0,0
mapeamento de processos empresa,Correspondência de frase (variação aproximada),Nenhum,[Rodrigo][Search][Leads][Maio],01- Gestão,0,1,0%,BRL,0,0,Pesquisa,0%,0,0
octo,Correspondência ampla,Nenhum,[Rodrigo][Search][Leads][Maio],00- recomendação google,0,1,0%,BRL,0,0,Pesquisa,0%,0,0
sistema wave,Correspondência de frase (variação aproximada),Nenhum,[Rodrigo][Search][Leads][Maio],01- Gestão,0,1,0%,BRL,0,0,Pesquisa,0%,0,0
netproj,Correspondência ampla,Nenhum,[Rodrigo][Search][Leads][Maio],00- recomendação google,0,1,0%,BRL,0,0,Pesquisa,0%,0,0
gothor,Correspondência de frase (variação aproximada),Nenhum,[Rodrigo][Search][Leads][Maio],00- recomendação google,0,1,0%,BRL,0,0,Pesquisa,0%,0,0
evertrack,Correspondência ampla,Nenhum,[Rodrigo][Search][Leads][Maio],01- Gestão,0,1,0%,BRL,0,0,Pesquisa,0%,0,0
bpmn,Correspondência ampla,Nenhum,[Rodrigo][Search][Leads][Maio],00- recomendação google,0,5,0%,BRL,0,0,Pesquisa,0%,0,0
dashboards o que é,Correspondência ampla,Nenhum,[Rodrigo][Search][Leads][Maio],01- Gestão,0,2,0%,BRL,0,0,Pesquisa,0%,0,0
gestão interina,Correspondência de frase,Nenhum,[Rodrigo][Search][Leads][Maio],01- Gestão,0,1,0%,BRL,0,0,Pesquisa,0%,0,0
gerenciador provedor,Correspondência de frase (variação aproximada),Nenhum,[Rodrigo][Search][Leads][Maio],01- Gestão,0,1,0%,BRL,0,0,Pesquisa,0%,0,0
tecemos,Correspondência ampla,Nenhum,[Rodrigo][Search][Leads][Maio],01- Gestão,0,1,0%,BRL,0,0,Pesquisa,0%,0,0
conselhos de empreendedores,Correspondência ampla,Nenhum,[Rodrigo][Search][Leads][Maio],00- recomendação google,0,1,0%,BRL,0,0,Pesquisa,0%,0,0
estratégias de marketing,Correspondência de frase (variação aproximada),Nenhum,[Rodrigo][Search][Leads][Maio],01- Gestão,0,2,0%,BRL,0,0,Pesquisa,0%,0,0
sgp provedor,Correspondência de frase (variação aproximada),Nenhum,[Rodrigo][Search][Leads][Maio],01- Gestão,0,1,0%,BRL,0,0,Pesquisa,0%,0,0
como fazer marketing,Correspondência de frase (variação aproximada),Nenhum,[Rodrigo][Search][Leads][Maio],00- recomendação google,0,4,0%,BRL,0,0,Pesquisa,0%,0,0
atingir metas,Correspondência ampla,Nenhum,[Rodrigo][Search][Leads][Maio],01- Gestão,0,1,0%,BRL,0,0,Pesquisa,0%,0,0
orbit templum,Correspondência ampla,Nenhum,[Rodrigo][Search][Leads][Maio],01- Gestão,0,2,0%,BRL,0,0,Pesquisa,0%,0,0
pm canvas,Correspondência ampla,Nenhum,[Rodrigo][Search][Leads][Maio],00- recomendação google,0,1,0%,BRL,0,0,Pesquisa,0%,0,0
análise swot,Correspondência exata (variante aproximada),Nenhum,[Rodrigo][Search][Leads][Maio],00- recomendação google,1,6,"16,67%",BRL,"2,36","2,36",Pesquisa,0%,0,0
planilha de erros de funcionários,Correspondência de frase (variação aproximada),Nenhum,[Rodrigo][Search][Leads][Maio],00- recomendação google,0,1,0%,BRL,0,0,Pesquisa,0%,0,0
sistema orbit,Correspondência exata (variante aproximada),Nenhum,[Rodrigo][Lead][Defesa da marca],Defesa da marca,3,11,"27,27%",BRL,"4,2","12,6",Pesquisa,0%,0,0
sistemas de gestão pública,Correspondência de frase,Nenhum,[Rodrigo][Search][Leads][Maio],01- Gestão,0,1,0%,BRL,0,0,Pesquisa,0%,0,0
como fazer um plano de negócio para uma empresa,Correspondência ampla,Nenhum,[Rodrigo][Search][Leads][Maio],01- Gestão,0,1,0%,BRL,0,0,Pesquisa,0%,0,0
gestão partilhada,Correspondência ampla,Nenhum,[Rodrigo][Search][Leads][Maio],00- recomendação google,0,1,0%,BRL,0,0,Pesquisa,0%,0,0
kanban,Correspondência ampla,Nenhum,[Rodrigo][Search][Leads][Maio],00- recomendação google,0,1,0%,BRL,0,0,Pesquisa,0%,0,0
zappy agenda,Correspondência de frase (variação aproximada),Nenhum,[Rodrigo][Search][Leads][Maio],01- Gestão,0,2,0%,BRL,0,0,Pesquisa,0%,0,0
aplicativo para ótica gratuito,Correspondência de frase (variação aproximada),Nenhum,[Rodrigo][Search][Leads][Maio],01- Gestão,0,2,0%,BRL,0,0,Pesquisa,0%,0,0
swot o que é,Correspondência de frase (variação aproximada),Nenhum,[Rodrigo][Search][Leads][Maio],01- Gestão,0,1,0%,BRL,0,0,Pesquisa,0%,0,0
bizagi gratuito,Correspondência de frase (variação aproximada),Nenhum,[Rodrigo][Search][Leads][Maio],01- Gestão,0,2,0%,BRL,0,0,Pesquisa,0%,0,0
fofa swot,Correspondência de frase (variação aproximada),Nenhum,[Rodrigo][Search][Leads][Maio],00- recomendação google,0,1,0%,BRL,0,0,Pesquisa,0%,0,0
modeler,Correspondência ampla,Nenhum,[Rodrigo][Search][Leads][Maio],01- Gestão,0,1,0%,BRL,0,0,Pesquisa,0%,0,0
planeja mais,Correspondência de frase (variação aproximada),Nenhum,[Rodrigo][Search][Leads][Maio],01- Gestão,0,1,0%,BRL,0,0,Pesquisa,0%,0,0
skywork ai é gratuito,Correspondência ampla,Nenhum,[Rodrigo][Search][Leads][Maio],00- recomendação google,0,1,0%,BRL,0,0,Pesquisa,0%,0,0
estrategias de vendas,Correspondência de frase (variação aproximada),Nenhum,[Rodrigo][Search][Leads][Maio],01- Gestão,0,1,0%,BRL,0,0,Pesquisa,0%,0,0
docuflows,Correspondência ampla,Nenhum,[Rodrigo][Search][Leads][Maio],00- recomendação google,0,1,0%,BRL,0,0,Pesquisa,0%,0,0
montar dossie,Correspondência ampla,Nenhum,[Rodrigo][Search][Leads][Maio],00- recomendação google,1,1,100%,BRL,"1,9","1,9",Pesquisa,0%,0,0
software mapeamento de processos grátis,Correspondência de frase (variação aproximada),Nenhum,[Rodrigo][Search][Leads][Maio],01- Gestão,0,1,0%,BRL,0,0,Pesquisa,0%,0,0
gestão de equipes externas,Correspondência de frase,Nenhum,[Rodrigo][Search][Leads][Maio],01- Gestão,0,3,0%,BRL,0,0,Pesquisa,0%,0,0
utmify,Correspondência ampla,Nenhum,[Rodrigo][Search][Leads][Maio],01- Gestão,0,1,0%,BRL,0,0,Pesquisa,0%,0,0
análise swot como fazer,Correspondência de frase,Nenhum,[Rodrigo][Search][Leads][Maio],00- recomendação google,0,1,0%,BRL,0,0,Pesquisa,0%,0,0
gestão de produtividade,Correspondência de frase,Nenhum,[Rodrigo][Search][Leads][Maio],01- Gestão,0,1,0%,BRL,0,0,Pesquisa,0%,0,0
delawise,Correspondência ampla,Nenhum,[Rodrigo][Search][Leads][Maio],00- recomendação google,0,1,0%,BRL,0,0,Pesquisa,0%,0,0
magiic,Correspondência de frase (variação aproximada),Nenhum,[Rodrigo][Search][Leads][Maio],01- Gestão,0,1,0%,BRL,0,0,Pesquisa,0%,0,0
business plan,Correspondência exata (variante aproximada),Nenhum,[Rodrigo][Search][Leads][Maio],00- recomendação google,0,1,0%,BRL,0,0,Pesquisa,0%,0,0
como administrar uma empresa,Correspondência ampla,Nenhum,[Rodrigo][Search][Leads][Maio],00- recomendação google,0,1,0%,BRL,0,0,Pesquisa,0%,0,0
análise swot editável grátis,Correspondência de frase,Nenhum,[Rodrigo][Search][Leads][Maio],01- Gestão,1,3,"33,33%",BRL,"2,02","2,02",Pesquisa,0%,0,0
orbit seidor,Correspondência de frase (variação aproximada),Nenhum,[Rodrigo][Search][Leads][Maio],01- Gestão,0,3,0%,BRL,0,0,Pesquisa,0%,0,0
modelo de planilha de controle de estoque,Correspondência ampla,Nenhum,[Rodrigo][Search][Leads][Maio],01- Gestão,0,1,0%,BRL,0,0,Pesquisa,0%,0,0
app gerenciamento,Correspondência de frase (variação aproximada),Nenhum,[Rodrigo][Search][Leads][Maio],01- Gestão,0,2,0%,BRL,0,0,Pesquisa,0%,0,0
erp para graficas,Correspondência de frase (variação aproximada),Nenhum,[Rodrigo][Search][Leads][Maio],01- Gestão,0,1,0%,BRL,0,0,Pesquisa,0%,0,0
pareto,Correspondência ampla,Nenhum,[Rodrigo][Search][Leads][Maio],00- recomendação google,0,1,0%,BRL,0,0,Pesquisa,0%,0,0
orbit sistemas,Correspondência exata (variante aproximada),Nenhum,[Rodrigo][Lead][Defesa da marca],Defesa da marca,1,19,"5,26%",BRL,"1,4","1,4",Pesquisa,0%,0,0
como fazer um plano de contingência de uma empresa,Correspondência ampla,Nenhum,[Rodrigo][Search][Leads][Maio],00- recomendação google,0,1,0%,BRL,0,0,Pesquisa,0%,0,0
organograma,Correspondência ampla,Nenhum,[Rodrigo][Search][Leads][Maio],00- recomendação google,0,1,0%,BRL,0,0,Pesquisa,0%,0,0
evolution crm,Correspondência ampla,Nenhum,[Rodrigo][Search][Leads][Maio],01- Gestão,0,1,0%,BRL,0,0,Pesquisa,0%,0,0
ideia de marketing,Correspondência de frase (variação aproximada),Nenhum,[Rodrigo][Search][Leads][Maio],01- Gestão,0,1,0%,BRL,0,0,Pesquisa,0%,0,0
plataforma de gestão,Correspondência exata,Adicionado,[Rodrigo][Search][Leads][Maio],01- Gestão,0,2,0%,BRL,0,0,Pesquisa,0%,0,0
gestão de processos administrativos,Correspondência de frase,Nenhum,[Rodrigo][Search][Leads][Maio],01- Gestão,0,1,0%,BRL,0,0,Pesquisa,0%,0,0
top gestor,Correspondência de frase (variação aproximada),Nenhum,[Rodrigo][Search][Leads][Maio],01- Gestão,0,8,0%,BRL,0,0,Pesquisa,0%,0,0
strategic planning swot,Correspondência de frase (variação aproximada),Nenhum,[Rodrigo][Search][Leads][Maio],00- recomendação google,0,1,0%,BRL,0,0,Pesquisa,0%,0,0
matriz swot online,Correspondência de frase,Nenhum,[Rodrigo][Search][Leads][Maio],00- recomendação google,1,1,100%,BRL,"1,69","1,69",Pesquisa,0%,0,0
sistema para loja de celular grátis,Correspondência de frase (variação aproximada),Nenhum,[Rodrigo][Search][Leads][Maio],01- Gestão,0,1,0%,BRL,0,0,Pesquisa,0%,0,0
consultoria monday,Correspondência de frase (variação aproximada),Nenhum,[Rodrigo][Search][Leads][Maio],01- Gestão,0,1,0%,BRL,0,0,Pesquisa,0%,0,0
skywork,Correspondência ampla,Nenhum,[Rodrigo][Search][Leads][Maio],01- Gestão,0,14,0%,BRL,0,0,Pesquisa,0%,0,0
análise de viabilidade econômica,Correspondência ampla,Nenhum,[Rodrigo][Search][Leads][Maio],00- recomendação google,0,1,0%,BRL,0,0,Pesquisa,0%,0,0
analise swot editavel,Correspondência de frase (variação aproximada),Nenhum,[Rodrigo][Search][Leads][Maio],00- recomendação google,0,1,0%,BRL,0,0,Pesquisa,0%,0,0
nevoa ai,Correspondência ampla,Nenhum,[Rodrigo][Search][Leads][Maio],01- Gestão,0,2,0%,BRL,0,0,Pesquisa,0%,0,0
vsm,Correspondência ampla,Nenhum,[Rodrigo][Search][Leads][Maio],01- Gestão,0,1,0%,BRL,0,0,Pesquisa,0%,0,0
skywork ai,Correspondência ampla,Excluído,[Rodrigo][Search][Leads][Maio],00- recomendação google,2,3,"66,67%",BRL,"7,71","15,42",Pesquisa,0%,0,0
gerenciador financeiro para hospedagem de sites,Correspondência de frase (variação aproximada),Nenhum,[Rodrigo][Search][Leads][Maio],01- Gestão,0,1,0%,BRL,0,0,Pesquisa,0%,0,0
planilha de custo de funcionário grátis,Correspondência ampla,Nenhum,[Rodrigo][Search][Leads][Maio],01- Gestão,0,1,0%,BRL,0,0,Pesquisa,0%,0,0
service swot analysis,Correspondência de frase (variação aproximada),Nenhum,[Rodrigo][Search][Leads][Maio],00- recomendação google,0,1,0%,BRL,0,0,Pesquisa,0%,0,0
swot 8q,Correspondência de frase (variação aproximada),Nenhum,[Rodrigo][Search][Leads][Maio],00- recomendação google,0,1,0%,BRL,0,0,Pesquisa,0%,0,0
software para controle de produção grátis,Correspondência de frase (variação aproximada),Nenhum,[Rodrigo][Search][Leads][Maio],01- Gestão,0,1,0%,BRL,0,0,Pesquisa,0%,0,0
sistema agiliza,Correspondência de frase (variação aproximada),Nenhum,[Rodrigo][Search][Leads][Maio],01- Gestão,0,3,0%,BRL,0,0,Pesquisa,0%,0,0
prevision gestão visual e previsível de obras,Correspondência de frase,Nenhum,[Rodrigo][Search][Leads][Maio],01- Gestão,0,1,0%,BRL,0,0,Pesquisa,0%,0,0
analise swot pessoal,Correspondência de frase,Nenhum,[Rodrigo][Search][Leads][Maio],00- recomendação google,0,1,0%,BRL,0,0,Pesquisa,0%,0,0
organograma de um restaurante pequeno,Correspondência ampla,Nenhum,[Rodrigo][Search][Leads][Maio],00- recomendação google,0,1,0%,BRL,0,0,Pesquisa,0%,0,0
inovally,Correspondência ampla,Nenhum,[Rodrigo][Search][Leads][Maio],01- Gestão,0,1,0%,BRL,0,0,Pesquisa,0%,0,0
analise mercadologica,Correspondência ampla,Nenhum,[Rodrigo][Search][Leads][Maio],01- Gestão,0,1,0%,BRL,0,0,Pesquisa,0%,0,0
airtable é gratuito,Correspondência de frase (variação aproximada),Nenhum,[Rodrigo][Search][Leads][Maio],00- recomendação google,0,1,0%,BRL,0,0,Pesquisa,0%,0,0
acic mais gestao,Correspondência de frase,Nenhum,[Rodrigo][Search][Leads][Maio],01- Gestão,0,4,0%,BRL,0,0,Pesquisa,0%,0,0
reinaldin,Correspondência ampla,Nenhum,[Rodrigo][Search][Leads][Maio],01- Gestão,0,1,0%,BRL,0,0,Pesquisa,0%,0,0
analise de swot fofa,Correspondência de frase,Nenhum,[Rodrigo][Search][Leads][Maio],01- Gestão,0,1,0%,BRL,0,0,Pesquisa,0%,0,0
metodo p4,Correspondência de frase (variação aproximada),Nenhum,[Rodrigo][Search][Leads][Maio],01- Gestão,0,1,0%,BRL,0,0,Pesquisa,0%,0,0
nibo,Correspondência ampla,Nenhum,[Rodrigo][Search][Leads][Maio],01- Gestão,0,1,0%,BRL,0,0,Pesquisa,0%,0,0
marketing de performance,Correspondência de frase (variação aproximada),Excluído,[Rodrigo][Search][Leads][Maio],01- Gestão,1,1,100%,BRL,"13,76","13,76",Pesquisa,0%,0,0
modelo de negócio canva,Correspondência ampla,Nenhum,[Rodrigo][Search][Leads][Maio],01- Gestão,0,1,0%,BRL,0,0,Pesquisa,0%,0,0
como fazer uma matriz swot,Correspondência de frase,Nenhum,[Rodrigo][Search][Leads][Maio],00- recomendação google,0,1,0%,BRL,0,0,Pesquisa,0%,0,0
daily agile,Correspondência ampla,Nenhum,[Rodrigo][Search][Leads][Maio],00- recomendação google,0,1,0%,BRL,0,0,Pesquisa,0%,0,0
planilha de controle de demandas,Correspondência de frase (variação aproximada),Nenhum,[Rodrigo][Search][Leads][Maio],01- Gestão,0,1,0%,BRL,0,0,Pesquisa,0%,0,0
tabela de meta,Correspondência de frase (variação aproximada),Nenhum,[Rodrigo][Search][Leads][Maio],01- Gestão,0,1,0%,BRL,0,0,Pesquisa,0%,0,0
meta x,Correspondência ampla,Nenhum,[Rodrigo][Search][Leads][Maio],01- Gestão,0,2,0%,BRL,0,0,Pesquisa,0%,0,0
sistema para assistência técnica de celular,Correspondência de frase (variação aproximada),Nenhum,[Rodrigo][Search][Leads][Maio],01- Gestão,0,2,0%,BRL,0,0,Pesquisa,0%,0,0
swot excel,Correspondência de frase (variação aproximada),Nenhum,[Rodrigo][Search][Leads][Maio],00- recomendação google,0,2,0%,BRL,0,0,Pesquisa,0%,0,0
bpm processos,Correspondência de frase (variação aproximada),Nenhum,[Rodrigo][Search][Leads][Maio],00- recomendação google,0,1,0%,BRL,0,0,Pesquisa,0%,0,0
qualizap gestao & qualidade,Correspondência de frase,Nenhum,[Rodrigo][Search][Leads][Maio],01- Gestão,0,1,0%,BRL,0,0,Pesquisa,0%,0,0
probalc,Correspondência de frase (variação aproximada),Nenhum,[Rodrigo][Search][Leads][Maio],01- Gestão,0,6,0%,BRL,0,0,Pesquisa,0%,0,0
erp winthor,Correspondência de frase (variação aproximada),Nenhum,[Rodrigo][Search][Leads][Maio],01- Gestão,0,1,0%,BRL,0,0,Pesquisa,0%,0,0
locprice,Correspondência ampla,Nenhum,[Rodrigo][Search][Leads][Maio],01- Gestão,0,2,0%,BRL,0,0,Pesquisa,0%,0,0
criar varejo portal,Correspondência de frase (variação aproximada),Nenhum,[Rodrigo][Search][Leads][Maio],01- Gestão,0,1,0%,BRL,0,0,Pesquisa,0%,0,0
sar2g,Correspondência de frase (variação aproximada),Nenhum,[Rodrigo][Search][Leads][Maio],01- Gestão,0,1,0%,BRL,0,0,Pesquisa,0%,0,0
analise swot empresa,Correspondência exata,Adicionado,[Rodrigo][Search][Leads][Maio],00- recomendação google,0,7,0%,BRL,0,0,Pesquisa,0%,0,0
ferramentas para gestão de processos,Correspondência de frase (variação aproximada),Nenhum,[Rodrigo][Search][Leads][Maio],00- recomendação google,0,1,0%,BRL,0,0,Pesquisa,0%,0,0
analise de swot modelo,Correspondência de frase,Nenhum,[Rodrigo][Search][Leads][Maio],00- recomendação google,0,1,0%,BRL,0,0,Pesquisa,0%,0,0
nordja,Correspondência de frase (variação aproximada),Nenhum,[Rodrigo][Search][Leads][Maio],00- recomendação google,0,1,0%,BRL,0,0,Pesquisa,0%,0,0
plany,Correspondência ampla,Nenhum,[Rodrigo][Search][Leads][Maio],01- Gestão,0,1,0%,BRL,0,0,Pesquisa,0%,0,0
software de gestão de obras gratuito,Correspondência de frase,Nenhum,[Rodrigo][Search][Leads][Maio],01- Gestão,1,1,100%,BRL,"7,52","7,52",Pesquisa,0%,0,0
precificação de produtos,Correspondência ampla,Nenhum,[Rodrigo][Search][Leads][Maio],01- Gestão,0,1,0%,BRL,0,0,Pesquisa,0%,0,0
5w2h exemplos,Correspondência ampla,Nenhum,[Rodrigo][Search][Leads][Maio],01- Gestão,0,1,0%,BRL,0,0,Pesquisa,0%,0,0
planejm,Correspondência ampla,Nenhum,[Rodrigo][Search][Leads][Maio],00- recomendação google,0,1,0%,BRL,0,0,Pesquisa,0%,0,0
como fazer um mapeamento de processos de uma empresa,Correspondência de frase (variação aproximada),Nenhum,[Rodrigo][Search][Leads][Maio],01- Gestão,1,1,100%,BRL,"2,68","2,68",Pesquisa,0%,0,0
fabrica de software,Correspondência ampla,Nenhum,[Rodrigo][Search][Leads][Maio],01- Gestão,0,1,0%,BRL,0,0,Pesquisa,0%,0,0
chsistema,Correspondência de frase (variação aproximada),Nenhum,[Rodrigo][Search][Leads][Maio],01- Gestão,0,1,0%,BRL,0,0,Pesquisa,0%,0,0
plaky,Correspondência ampla,Nenhum,[Rodrigo][Search][Leads][Maio],01- Gestão,0,1,0%,BRL,0,0,Pesquisa,0%,0,0
tareffa ottimizza,Correspondência de frase (variação aproximada),Nenhum,[Rodrigo][Search][Leads][Maio],00- recomendação google,0,1,0%,BRL,0,0,Pesquisa,0%,0,0
planejamento estratégico,Correspondência exata,Adicionado,[Rodrigo][Search][Leads][Maio],00- recomendação google,0,2,0%,BRL,0,0,Pesquisa,0%,0,0
sige app,Correspondência de frase (variação aproximada),Nenhum,[Rodrigo][Search][Leads][Maio],01- Gestão,0,1,0%,BRL,0,0,Pesquisa,0%,0,0
swot,Correspondência exata (variante aproximada),Nenhum,[Rodrigo][Search][Leads][Maio],01- Gestão,2,4,50%,BRL,"1,99","3,98",Pesquisa,0%,0,0
orbita crm,Correspondência ampla,Nenhum,[Rodrigo][Search][Leads][Maio],01- Gestão,0,2,0%,BRL,0,0,Pesquisa,0%,0,0
gestor web,Correspondência de frase (variação aproximada),Nenhum,[Rodrigo][Search][Leads][Maio],01- Gestão,0,1,0%,BRL,0,0,Pesquisa,0%,0,0
gerenciamento de processos de negócio,Correspondência de frase (variação aproximada),Nenhum,[Rodrigo][Search][Leads][Maio],01- Gestão,0,1,0%,BRL,0,0,Pesquisa,0%,0,0
plano de negócios canvas pronto,Correspondência ampla,Nenhum,[Rodrigo][Search][Leads][Maio],00- recomendação google,0,1,0%,BRL,0,0,Pesquisa,0%,0,0
getbr,Correspondência ampla,Nenhum,[Rodrigo][Search][Leads][Maio],01- Gestão,0,2,0%,BRL,0,0,Pesquisa,0%,0,0
analise swot,Correspondência exata,Adicionado,[Rodrigo][Search][Leads][Maio],01- Gestão,0,18,0%,BRL,0,0,Pesquisa,0%,0,0
arcanjo software,Correspondência de frase (variação aproximada),Nenhum,[Rodrigo][Search][Leads][Maio],01- Gestão,0,1,0%,BRL,0,0,Pesquisa,0%,0,0
analise swot,Correspondência exata,Adicionado,[Rodrigo][Search][Leads][Maio],00- recomendação google,1,16,"6,25%",BRL,"7,92","7,92",Pesquisa,0%,0,0
padronizar processos,Correspondência de frase (variação aproximada),Nenhum,[Rodrigo][Search][Leads][Maio],01- Gestão,0,1,0%,BRL,0,0,Pesquisa,0%,0,0
como fazer uma matriz swot pessoal,Correspondência de frase (variação aproximada),Nenhum,[Rodrigo][Search][Leads][Maio],00- recomendação google,0,1,0%,BRL,0,0,Pesquisa,0%,0,0
fluxograma de processos online,Correspondência ampla,Nenhum,[Rodrigo][Search][Leads][Maio],00- recomendação google,0,2,0%,BRL,0,0,Pesquisa,0%,0,0
plano de negocios,Correspondência ampla,Nenhum,[Rodrigo][Search][Leads][Maio],00- recomendação google,0,1,0%,BRL,0,0,Pesquisa,0%,0,0
orbit gestão,Correspondência ampla,Nenhum,[Rodrigo][Search][Leads][Maio],00- recomendação google,1,2,50%,BRL,"0,86","0,86",Pesquisa,0%,0,0
inforgerencial,Correspondência de frase (variação aproximada),Nenhum,[Rodrigo][Search][Leads][Maio],01- Gestão,0,1,0%,BRL,0,0,Pesquisa,0%,0,0
matriz swot para preencher,Correspondência de frase,Nenhum,[Rodrigo][Search][Leads][Maio],00- recomendação google,0,1,0%,BRL,0,0,Pesquisa,0%,0,0
octapipe,Correspondência de frase (variação aproximada),Nenhum,[Rodrigo][Search][Leads][Maio],00- recomendação google,0,2,0%,BRL,0,0,Pesquisa,0%,0,0
ferramenta de analise swot,Correspondência exata (variante aproximada),Nenhum,[Rodrigo][Search][Leads][Maio],00- recomendação google,0,1,0%,BRL,0,0,Pesquisa,0%,0,0
organograma de uma empresa para editar,Correspondência de frase (variação aproximada),Nenhum,[Rodrigo][Search][Leads][Maio],00- recomendação google,0,2,0%,BRL,0,0,Pesquisa,0%,0,0
software para planejamento estratégico,Correspondência exata (variante aproximada),Nenhum,[Rodrigo][Search][Leads][Maio],01- Gestão,0,1,0%,BRL,0,0,Pesquisa,0%,0,0
empresa orbit,Correspondência ampla,Nenhum,[Rodrigo][Lead][Defesa da marca],Defesa da marca,0,2,0%,BRL,0,0,Pesquisa,0%,0,0
gestor de negócios,Correspondência de frase (variação aproximada),Nenhum,[Rodrigo][Search][Leads][Maio],01- Gestão,0,1,0%,BRL,0,0,Pesquisa,0%,0,0
sistema para salão de beleza gratuito,Correspondência de frase (variação aproximada),Nenhum,[Rodrigo][Search][Leads][Maio],01- Gestão,0,2,0%,BRL,0,0,Pesquisa,0%,0,0
sistema para barbearia grátis,Correspondência de frase (variação aproximada),Nenhum,[Rodrigo][Search][Leads][Maio],01- Gestão,0,1,0%,BRL,0,0,Pesquisa,0%,0,0
analise swot para preencher,Correspondência de frase,Nenhum,[Rodrigo][Search][Leads][Maio],00- recomendação google,0,1,0%,BRL,0,0,Pesquisa,0%,0,0
como fazer uma analise swot,Correspondência de frase,Nenhum,[Rodrigo][Search][Leads][Maio],00- recomendação google,0,5,0%,BRL,0,0,Pesquisa,0%,0,0
como fazer planejamento de trabalho,Correspondência ampla,Nenhum,[Rodrigo][Search][Leads][Maio],00- recomendação google,0,1,0%,BRL,0,0,Pesquisa,0%,0,0
tarefy,Correspondência ampla,Nenhum,[Rodrigo][Search][Leads][Maio],01- Gestão,0,1,0%,BRL,0,0,Pesquisa,0%,0,0
aplicativo para marmoraria,Correspondência ampla,Nenhum,[Rodrigo][Search][Leads][Maio],01- Gestão,0,1,0%,BRL,0,0,Pesquisa,0%,0,0
como precificar um serviço,Correspondência ampla,Nenhum,[Rodrigo][Search][Leads][Maio],01- Gestão,0,1,0%,BRL,0,0,Pesquisa,0%,0,0
fluxo unificado,Correspondência de frase (variação aproximada),Nenhum,[Rodrigo][Search][Leads][Maio],01- Gestão,0,1,0%,BRL,0,0,Pesquisa,0%,0,0
sistema de gestão descentralizada,Correspondência de frase,Nenhum,[Rodrigo][Search][Leads][Maio],01- Gestão,0,1,0%,BRL,0,0,Pesquisa,0%,0,0
empresa fluxograma de processo,Correspondência de frase (variação aproximada),Nenhum,[Rodrigo][Search][Leads][Maio],01- Gestão,0,1,0%,BRL,0,0,Pesquisa,0%,0,0
orbit gestao,Correspondência exata (variante aproximada),Nenhum,[Rodrigo][Lead][Defesa da marca],Defesa da marca,31,74,"41,89%",BRL,"3,36","104,02",Pesquisa,"6,45%",2,"52,01"
blueprint,Correspondência ampla,Nenhum,[Rodrigo][Search][Leads][Maio],00- recomendação google,0,2,0%,BRL,0,0,Pesquisa,0%,0,0
swot analysis template,Correspondência de frase (variação aproximada),Nenhum,[Rodrigo][Search][Leads][Maio],00- recomendação google,0,1,0%,BRL,0,0,Pesquisa,0%,0,0
matriz watch,Correspondência exata (variante aproximada),Nenhum,[Rodrigo][Search][Leads][Maio],00- recomendação google,0,2,0%,BRL,0,0,Pesquisa,0%,0,0
ferramenta análise swot,Correspondência exata (variante aproximada),Nenhum,[Rodrigo][Search][Leads][Maio],01- Gestão,0,1,0%,BRL,0,0,Pesquisa,0%,0,0
allcon,Correspondência ampla,Nenhum,[Rodrigo][Search][Leads][Maio],00- recomendação google,0,1,0%,BRL,0,0,Pesquisa,0%,0,0
software para reciclagem grátis,Correspondência ampla,Nenhum,[Rodrigo][Search][Leads][Maio],01- Gestão,0,1,0%,BRL,0,0,Pesquisa,0%,0,0
swot anal,Correspondência exata (variante aproximada),Nenhum,[Rodrigo][Search][Leads][Maio],01- Gestão,0,1,0%,BRL,0,0,Pesquisa,0%,0,0
assertiva,Correspondência ampla,Nenhum,[Rodrigo][Search][Leads][Maio],00- recomendação google,0,1,0%,BRL,0,0,Pesquisa,0%,0,0
planilha de controle de demandas,Correspondência ampla,Nenhum,[Rodrigo][Search][Leads][Maio],01- Gestão,0,1,0%,BRL,0,0,Pesquisa,0%,0,0
orbit gestão,Correspondência ampla,Nenhum,[Rodrigo][Search][Leads][Maio],01- Gestão,0,2,0%,BRL,0,0,Pesquisa,0%,0,0
unimble,Correspondência ampla,Nenhum,[Rodrigo][Search][Leads][Maio],01- Gestão,0,2,0%,BRL,0,0,Pesquisa,0%,0,0
start os,Correspondência de frase (variação aproximada),Nenhum,[Rodrigo][Search][Leads][Maio],01- Gestão,0,1,0%,BRL,0,0,Pesquisa,0%,0,0
quadro de gestão à vista personalizado,Correspondência de frase,Nenhum,[Rodrigo][Search][Leads][Maio],01- Gestão,0,1,0%,BRL,0,0,Pesquisa,0%,0,0
benway,Correspondência ampla,Nenhum,[Rodrigo][Search][Leads][Maio],01- Gestão,0,1,0%,BRL,0,0,Pesquisa,0%,0,0
análise swot de uma empresa,Correspondência exata (variante aproximada),Nenhum,[Rodrigo][Search][Leads][Maio],00- recomendação google,0,1,0%,BRL,0,0,Pesquisa,0%,0,0
autis analytics,Correspondência ampla,Nenhum,[Rodrigo][Search][Leads][Maio],00- recomendação google,0,1,0%,BRL,0,0,Pesquisa,0%,0,0
geemba,Correspondência ampla,Nenhum,[Rodrigo][Search][Leads][Maio],01- Gestão,0,1,0%,BRL,0,0,Pesquisa,0%,0,0
simpledte,Correspondência de frase (variação aproximada),Nenhum,[Rodrigo][Search][Leads][Maio],01- Gestão,0,1,0%,BRL,0,0,Pesquisa,0%,0,0
como criar um plano de marketing,Correspondência de frase (variação aproximada),Nenhum,[Rodrigo][Search][Leads][Maio],01- Gestão,0,1,0%,BRL,0,0,Pesquisa,0%,0,0
gestão e desenvolvimento,Correspondência de frase,Nenhum,[Rodrigo][Search][Leads][Maio],01- Gestão,0,1,0%,BRL,0,0,Pesquisa,0%,0,0
analise de mercado para abrir uma empresa,Correspondência ampla,Nenhum,[Rodrigo][Search][Leads][Maio],00- recomendação google,0,1,0%,BRL,0,0,Pesquisa,0%,0,0
estudo de mercado como fazer,Correspondência ampla,Nenhum,[Rodrigo][Search][Leads][Maio],01- Gestão,0,1,0%,BRL,0,0,Pesquisa,0%,0,0
smed ferramenta lean,Correspondência ampla,Nenhum,[Rodrigo][Search][Leads][Maio],00- recomendação google,0,1,0%,BRL,0,0,Pesquisa,0%,0,0
site de gestão empresarial,Correspondência exata (variante aproximada),Nenhum,[Rodrigo][Search][Leads][Maio],01- Gestão,0,1,0%,BRL,0,0,Pesquisa,0%,0,0
relevanti,Correspondência ampla,Nenhum,[Rodrigo][Search][Leads][Maio],00- recomendação google,0,1,0%,BRL,0,0,Pesquisa,0%,0,0
sistema de loja gratuito,Correspondência de frase (variação aproximada),Nenhum,[Rodrigo][Search][Leads][Maio],01- Gestão,0,1,0%,BRL,0,0,Pesquisa,0%,0,0
engesys,Correspondência ampla,Nenhum,[Rodrigo][Search][Leads][Maio],01- Gestão,0,1,0%,BRL,0,0,Pesquisa,0%,0,0
xmanager gerenciamento inteligente,Correspondência de frase (variação aproximada),Nenhum,[Rodrigo][Search][Leads][Maio],01- Gestão,0,6,0%,BRL,0,0,Pesquisa,0%,0,0
sistema de gestão operacional,Correspondência de frase,Nenhum,[Rodrigo][Search][Leads][Maio],01- Gestão,0,4,0%,BRL,0,0,Pesquisa,0%,0,0
ferramenta bpms,Correspondência de frase (variação aproximada),Nenhum,[Rodrigo][Search][Leads][Maio],01- Gestão,0,1,0%,BRL,0,0,Pesquisa,0%,0,0
g mude,Correspondência de frase (variação aproximada),Nenhum,[Rodrigo][Search][Leads][Maio],00- recomendação google,0,1,0%,BRL,0,0,Pesquisa,0%,0,0
sistema hive,Correspondência de frase (variação aproximada),Nenhum,[Rodrigo][Search][Leads][Maio],01- Gestão,0,1,0%,BRL,0,0,Pesquisa,0%,0,0
sistema de gestão de condomínio grátis,Correspondência de frase,Nenhum,[Rodrigo][Search][Leads][Maio],01- Gestão,0,2,0%,BRL,0,0,Pesquisa,0%,0,0
hubi9,Correspondência de frase (variação aproximada),Nenhum,[Rodrigo][Search][Leads][Maio],00- recomendação google,0,1,0%,BRL,0,0,Pesquisa,0%,0,0
bizagi process modeler,Correspondência de frase (variação aproximada),Nenhum,[Rodrigo][Search][Leads][Maio],01- Gestão,0,1,0%,BRL,0,0,Pesquisa,0%,0,0
analise swot template,Correspondência de frase,Nenhum,[Rodrigo][Search][Leads][Maio],00- recomendação google,0,1,0%,BRL,0,0,Pesquisa,0%,0,0
orbitspot,Correspondência de frase (variação aproximada),Nenhum,[Rodrigo][Search][Leads][Maio],01- Gestão,0,3,0%,BRL,0,0,Pesquisa,0%,0,0
matriz para tomada de decisão,Correspondência ampla,Nenhum,[Rodrigo][Search][Leads][Maio],00- recomendação google,0,1,0%,BRL,0,0,Pesquisa,0%,0,0
como administrar uma empresa,Correspondência ampla,Nenhum,[Rodrigo][Lead][Defesa da marca],Defesa da marca,0,1,0%,BRL,0,0,Pesquisa,0%,0,0
matrix swot,Correspondência de frase,Nenhum,[Rodrigo][Search][Leads][Maio],00- recomendação google,0,1,0%,BRL,0,0,Pesquisa,0%,0,0
sistema gdc,Correspondência de frase (variação aproximada),Nenhum,[Rodrigo][Search][Leads][Maio],01- Gestão,0,1,0%,BRL,0,0,Pesquisa,0%,0,0
analise swot de uma universidade,Correspondência de frase,Nenhum,[Rodrigo][Search][Leads][Maio],01- Gestão,0,1,0%,BRL,0,0,Pesquisa,0%,0,0
gestao,Correspondência exata (variante aproximada),Nenhum,[Rodrigo][Search][Leads][Maio],01- Gestão,0,3,0%,BRL,0,0,Pesquisa,0%,0,0
pcm,Correspondência ampla,Nenhum,[Rodrigo][Search][Leads][Maio],00- recomendação google,1,11,"9,09%",BRL,"2,86","2,86",Pesquisa,0%,0,0
bizagi online gratuito,Correspondência ampla,Nenhum,[Rodrigo][Search][Leads][Maio],00- recomendação google,0,1,0%,BRL,0,0,Pesquisa,0%,0,0
sistema para loja online grátis,Correspondência de frase (variação aproximada),Nenhum,[Rodrigo][Search][Leads][Maio],01- Gestão,0,1,0%,BRL,0,0,Pesquisa,0%,0,0
reportei,Correspondência de frase (variação aproximada),Nenhum,[Rodrigo][Search][Leads][Maio],00- recomendação google,0,6,0%,BRL,0,0,Pesquisa,0%,0,0
modelo de matriz swot,Correspondência de frase (variação aproximada),Nenhum,[Rodrigo][Search][Leads][Maio],00- recomendação google,0,1,0%,BRL,0,0,Pesquisa,0%,0,0
assesi brasil,Correspondência de frase (variação aproximada),Nenhum,[Rodrigo][Search][Leads][Maio],01- Gestão,0,2,0%,BRL,0,0,Pesquisa,0%,0,0
webgim sistema de informação de vendas,Correspondência de frase (variação aproximada),Nenhum,[Rodrigo][Search][Leads][Maio],01- Gestão,0,1,0%,BRL,0,0,Pesquisa,0%,0,0
metodologia 4dx,Correspondência ampla,Nenhum,[Rodrigo][Search][Leads][Maio],00- recomendação google,0,1,0%,BRL,0,0,Pesquisa,0%,0,0
orbit,Correspondência ampla,Nenhum,[Rodrigo][Search][Leads][Maio],00- recomendação google,6,53,"11,32%",BRL,"9,13","54,77",Pesquisa,0%,0,0
gestor estratégico,Correspondência de frase (variação aproximada),Nenhum,[Rodrigo][Search][Leads][Maio],00- recomendação google,0,1,0%,BRL,0,0,Pesquisa,0%,0,0
flowch,Correspondência ampla,Nenhum,[Rodrigo][Search][Leads][Maio],01- Gestão,0,1,0%,BRL,0,0,Pesquisa,0%,0,0
marketing de vendas,Correspondência ampla,Nenhum,[Rodrigo][Search][Leads][Maio],01- Gestão,0,1,0%,BRL,0,0,Pesquisa,0%,0,0
rainbow sistema,Correspondência de frase (variação aproximada),Nenhum,[Rodrigo][Search][Leads][Maio],00- recomendação google,0,1,0%,BRL,0,0,Pesquisa,0%,0,0
matriz rca,Correspondência ampla,Nenhum,[Rodrigo][Search][Leads][Maio],01- Gestão,0,1,0%,BRL,0,0,Pesquisa,0%,0,0
konclui,Correspondência de frase (variação aproximada),Nenhum,[Rodrigo][Search][Leads][Maio],00- recomendação google,0,2,0%,BRL,0,0,Pesquisa,0%,0,0
planilhas para empresas excel grátis,Correspondência ampla,Nenhum,[Rodrigo][Search][Leads][Maio],00- recomendação google,0,1,0%,BRL,0,0,Pesquisa,0%,0,0
organização de almoxarifado,Correspondência ampla,Nenhum,[Rodrigo][Search][Leads][Maio],01- Gestão,0,1,0%,BRL,0,0,Pesquisa,0%,0,0
otimizz ai,Correspondência ampla,Nenhum,[Rodrigo][Search][Leads][Maio],01- Gestão,0,1,0%,BRL,0,0,Pesquisa,0%,0,0
análise swot online grátis,Correspondência de frase (variação aproximada),Nenhum,[Rodrigo][Search][Leads][Maio],00- recomendação google,0,1,0%,BRL,0,0,Pesquisa,0%,0,0
plano de negócio empresa,Correspondência ampla,Nenhum,[Rodrigo][Search][Leads][Maio],00- recomendação google,0,1,0%,BRL,0,0,Pesquisa,0%,0,0
analise swot online,Correspondência de frase (variação aproximada),Nenhum,[Rodrigo][Search][Leads][Maio],00- recomendação google,0,1,0%,BRL,0,0,Pesquisa,0%,0,0
planilha de planejamento estratégico grátis,Correspondência de frase,Nenhum,[Rodrigo][Search][Leads][Maio],01- Gestão,0,1,0%,BRL,0,0,Pesquisa,0%,0,0
bunto erp,Correspondência de frase (variação aproximada),Nenhum,[Rodrigo][Search][Leads][Maio],01- Gestão,0,1,0%,BRL,0,0,Pesquisa,0%,0,0
gestta tarefas,Correspondência de frase (variação aproximada),Nenhum,[Rodrigo][Search][Leads][Maio],00- recomendação google,0,1,0%,BRL,0,0,Pesquisa,0%,0,0
analise swot google,Correspondência de frase,Nenhum,[Rodrigo][Search][Leads][Maio],01- Gestão,0,1,0%,BRL,0,0,Pesquisa,0%,0,0
matriz swot online grátis,Correspondência de frase (variação aproximada),Nenhum,[Rodrigo][Search][Leads][Maio],01- Gestão,0,1,0%,BRL,0,0,Pesquisa,0%,0,0
baixar planilha para marmoraria grátis,Correspondência ampla,Nenhum,[Rodrigo][Search][Leads][Maio],01- Gestão,0,1,0%,BRL,0,0,Pesquisa,0%,0,0
analise swot app,Correspondência de frase,Nenhum,[Rodrigo][Search][Leads][Maio],01- Gestão,0,1,0%,BRL,0,0,Pesquisa,0%,0,0
flexie,Correspondência ampla,Nenhum,[Rodrigo][Search][Leads][Maio],00- recomendação google,0,1,0%,BRL,0,0,Pesquisa,0%,0,0
roadmap de implantação,Correspondência ampla,Nenhum,[Rodrigo][Search][Leads][Maio],00- recomendação google,0,1,0%,BRL,0,0,Pesquisa,0%,0,0
eloca,Correspondência ampla,Nenhum,[Rodrigo][Search][Leads][Maio],01- Gestão,0,1,0%,BRL,0,0,Pesquisa,0%,0,0
orbit gestão,Correspondência exata,Adicionado,[Rodrigo][Lead][Defesa da marca],Defesa da marca,67,174,"38,51%",BRL,"2,63","176,32",Pesquisa,"5,97%",4,"44,08"
matriz swot pessoal,Correspondência de frase,Nenhum,[Rodrigo][Search][Leads][Maio],00- recomendação google,0,1,0%,BRL,0,0,Pesquisa,0%,0,0
swot watch,Correspondência de frase (variação aproximada),Nenhum,[Rodrigo][Search][Leads][Maio],01- Gestão,0,1,0%,BRL,0,0,Pesquisa,0%,0,0
como montar uma analise swot,Correspondência de frase,Nenhum,[Rodrigo][Search][Leads][Maio],01- Gestão,0,1,0%,BRL,0,0,Pesquisa,0%,0,0
v task,Correspondência de frase (variação aproximada),Nenhum,[Rodrigo][Search][Leads][Maio],01- Gestão,0,1,0%,BRL,0,0,Pesquisa,0%,0,0
gargalos,Correspondência ampla,Nenhum,[Rodrigo][Search][Leads][Maio],01- Gestão,0,1,0%,BRL,0,0,Pesquisa,0%,0,0
planilha matriz swot excel grátis,Correspondência de frase (variação aproximada),Nenhum,[Rodrigo][Search][Leads][Maio],00- recomendação google,0,1,0%,BRL,0,0,Pesquisa,0%,0,0
obeya,Correspondência ampla,Nenhum,[Rodrigo][Search][Leads][Maio],00- recomendação google,0,1,0%,BRL,0,0,Pesquisa,0%,0,0
gestor rocket,Correspondência de frase (variação aproximada),Nenhum,[Rodrigo][Search][Leads][Maio],01- Gestão,0,1,0%,BRL,0,0,Pesquisa,0%,0,0
planilhas de vendas grátis,Correspondência ampla,Nenhum,[Rodrigo][Search][Leads][Maio],01- Gestão,0,1,0%,BRL,0,0,Pesquisa,0%,0,0
sistema origem,Correspondência de frase (variação aproximada),Nenhum,[Rodrigo][Search][Leads][Maio],01- Gestão,0,1,0%,BRL,0,0,Pesquisa,0%,0,0
como fazer análise de mercado,Correspondência ampla,Nenhum,[Rodrigo][Search][Leads][Maio],00- recomendação google,0,2,0%,BRL,0,0,Pesquisa,0%,0,0
análise swot para preencher,Correspondência de frase (variação aproximada),Nenhum,[Rodrigo][Search][Leads][Maio],00- recomendação google,0,1,0%,BRL,0,0,Pesquisa,0%,0,0
atomic group,Correspondência ampla,Nenhum,[Rodrigo][Search][Leads][Maio],01- Gestão,0,1,0%,BRL,0,0,Pesquisa,0%,0,0
pdv gratuito para pc,Correspondência de frase (variação aproximada),Nenhum,[Rodrigo][Search][Leads][Maio],01- Gestão,0,1,0%,BRL,0,0,Pesquisa,0%,0,0
swot ferramenta,Correspondência exata (variante aproximada),Nenhum,[Rodrigo][Search][Leads][Maio],01- Gestão,0,1,0%,BRL,0,0,Pesquisa,0%,0,0
tecemos,Correspondência ampla,Nenhum,[Rodrigo][Search][Leads][Maio],00- recomendação google,0,1,0%,BRL,0,0,Pesquisa,0%,0,0
software de gestão de associações gratuito,Correspondência de frase (variação aproximada),Nenhum,[Rodrigo][Search][Leads][Maio],01- Gestão,0,1,0%,BRL,0,0,Pesquisa,0%,0,0
sistema para lava jato grátis,Correspondência de frase (variação aproximada),Nenhum,[Rodrigo][Search][Leads][Maio],01- Gestão,0,1,0%,BRL,0,0,Pesquisa,0%,0,0
sgi plus,Correspondência ampla,Nenhum,[Rodrigo][Search][Leads][Maio],01- Gestão,0,1,0%,BRL,0,0,Pesquisa,0%,0,0
sistema para moto peças grátis,Correspondência de frase (variação aproximada),Nenhum,[Rodrigo][Search][Leads][Maio],01- Gestão,0,1,0%,BRL,0,0,Pesquisa,0%,0,0
viabilidade de negocio,Correspondência ampla,Nenhum,[Rodrigo][Search][Leads][Maio],01- Gestão,0,1,0%,BRL,0,0,Pesquisa,0%,0,0
análise de swot,Correspondência exata (variante aproximada),Nenhum,[Rodrigo][Search][Leads][Maio],00- recomendação google,0,2,0%,BRL,0,0,Pesquisa,0%,0,0
zorzal gestão,Correspondência ampla,Nenhum,[Rodrigo][Search][Leads][Maio],00- recomendação google,0,1,0%,BRL,0,0,Pesquisa,0%,0,0
kapane,Correspondência ampla,Nenhum,[Rodrigo][Search][Leads][Maio],00- recomendação google,0,1,0%,BRL,0,0,Pesquisa,0%,0,0
planilha empresarial,Correspondência de frase (variação aproximada),Nenhum,[Rodrigo][Search][Leads][Maio],00- recomendação google,0,1,0%,BRL,0,0,Pesquisa,0%,0,0
modelo de planejamento estrategico,Correspondência ampla,Nenhum,[Rodrigo][Search][Leads][Maio],00- recomendação google,0,1,0%,BRL,0,0,Pesquisa,0%,0,0
igestpro,Correspondência ampla,Nenhum,[Rodrigo][Search][Leads][Maio],01- Gestão,0,1,0%,BRL,0,0,Pesquisa,0%,0,0
organograma de um restaurante,Correspondência ampla,Nenhum,[Rodrigo][Search][Leads][Maio],00- recomendação google,0,1,0%,BRL,0,0,Pesquisa,0%,0,0
gestão escritório de arquitetura,Correspondência ampla,Nenhum,[Rodrigo][Search][Leads][Maio],01- Gestão,0,1,0%,BRL,0,0,Pesquisa,0%,0,0
linsgeek,Correspondência ampla,Nenhum,[Rodrigo][Search][Leads][Maio],00- recomendação google,0,1,0%,BRL,0,0,Pesquisa,0%,0,0
geolocalização para empresas,Correspondência de frase (variação aproximada),Nenhum,[Rodrigo][Search][Leads][Maio],00- recomendação google,0,1,0%,BRL,0,0,Pesquisa,0%,0,0
rhqz gestao organizacional,Correspondência de frase,Nenhum,[Rodrigo][Search][Leads][Maio],01- Gestão,0,1,0%,BRL,0,0,Pesquisa,0%,0,0
revnu app,Correspondência ampla,Nenhum,[Rodrigo][Search][Leads][Maio],00- recomendação google,0,1,0%,BRL,0,0,Pesquisa,0%,0,0
swot o que é,Correspondência exata (variante aproximada),Nenhum,[Rodrigo][Search][Leads][Maio],01- Gestão,0,1,0%,BRL,0,0,Pesquisa,0%,0,0
powerbizz,Correspondência ampla,Nenhum,[Rodrigo][Search][Leads][Maio],01- Gestão,0,1,0%,BRL,0,0,Pesquisa,0%,0,0
sistema de patrimônio gratuito,Correspondência de frase (variação aproximada),Nenhum,[Rodrigo][Search][Leads][Maio],01- Gestão,0,2,0%,BRL,0,0,Pesquisa,0%,0,0
gestor de planejamento,Correspondência de frase (variação aproximada),Nenhum,[Rodrigo][Search][Leads][Maio],01- Gestão,1,1,100%,BRL,"5,99","5,99",Pesquisa,0%,0,0
swot ferramenta,Correspondência exata (variante aproximada),Nenhum,[Rodrigo][Search][Leads][Maio],00- recomendação google,0,1,0%,BRL,0,0,Pesquisa,0%,0,0
orbit spot,Correspondência de frase (variação aproximada),Nenhum,[Rodrigo][Lead][Defesa da marca],Defesa da marca,0,1,0%,BRL,0,0,Pesquisa,0%,0,0
backlog inteligente,Correspondência de frase (variação aproximada),Nenhum,[Rodrigo][Search][Leads][Maio],00- recomendação google,0,1,0%,BRL,0,0,Pesquisa,0%,0,0
gestão de processos empresariais,Correspondência de frase,Nenhum,[Rodrigo][Search][Leads][Maio],01- Gestão,0,1,0%,BRL,0,0,Pesquisa,0%,0,0
sci app,Correspondência ampla,Nenhum,[Rodrigo][Search][Leads][Maio],01- Gestão,0,1,0%,BRL,0,0,Pesquisa,0%,0,0
strategex,Correspondência ampla,Nenhum,[Rodrigo][Search][Leads][Maio],00- recomendação google,0,1,0%,BRL,0,0,Pesquisa,0%,0,0
process hub,Correspondência ampla,Nenhum,[Rodrigo][Search][Leads][Maio],01- Gestão,0,1,0%,BRL,0,0,Pesquisa,0%,0,0
darkplanner,Correspondência de frase (variação aproximada),Nenhum,[Rodrigo][Search][Leads][Maio],01- Gestão,0,1,0%,BRL,0,0,Pesquisa,0%,0,0
software para oficina mecânica gratuito,Correspondência de frase (variação aproximada),Nenhum,[Rodrigo][Search][Leads][Maio],01- Gestão,0,1,0%,BRL,0,0,Pesquisa,0%,0,0
p3rformar,Correspondência de frase (variação aproximada),Nenhum,[Rodrigo][Search][Leads][Maio],00- recomendação google,0,2,0%,BRL,0,0,Pesquisa,0%,0,0
swot ferramenta,Correspondência de frase (variação aproximada),Nenhum,[Rodrigo][Search][Leads][Maio],00- recomendação google,0,1,0%,BRL,0,0,Pesquisa,0%,0,0
sabe sim,Correspondência ampla,Nenhum,[Rodrigo][Search][Leads][Maio],00- recomendação google,0,1,0%,BRL,0,0,Pesquisa,0%,0,0
servtask,Correspondência de frase (variação aproximada),Nenhum,[Rodrigo][Search][Leads][Maio],01- Gestão,0,2,0%,BRL,0,0,Pesquisa,0%,0,0
planilha de gestão de contratos excel grátis,Correspondência de frase (variação aproximada),Nenhum,[Rodrigo][Search][Leads][Maio],00- recomendação google,0,1,0%,BRL,0,0,Pesquisa,0%,0,0
conta de instagram para vender,Correspondência ampla,Nenhum,[Rodrigo][Search][Leads][Maio],00- recomendação google,1,2,50%,BRL,"3,05","3,05",Pesquisa,0%,0,0
origembr,Correspondência ampla,Nenhum,[Rodrigo][Search][Leads][Maio],00- recomendação google,0,1,0%,BRL,0,0,Pesquisa,0%,0,0
fazer análise swot,Correspondência exata (variante aproximada),Nenhum,[Rodrigo][Search][Leads][Maio],00- recomendação google,0,1,0%,BRL,0,0,Pesquisa,0%,0,0
sistema prover,Correspondência de frase (variação aproximada),Nenhum,[Rodrigo][Search][Leads][Maio],01- Gestão,0,1,0%,BRL,0,0,Pesquisa,0%,0,0
sisbra empresarial,Correspondência de frase (variação aproximada),Nenhum,[Rodrigo][Search][Leads][Maio],00- recomendação google,0,1,0%,BRL,0,0,Pesquisa,0%,0,0
invictus ia,Correspondência ampla,Nenhum,[Rodrigo][Search][Leads][Maio],01- Gestão,0,1,0%,BRL,0,0,Pesquisa,0%,0,0
planilha de produção diária grátis,Correspondência de frase (variação aproximada),Nenhum,[Rodrigo][Search][Leads][Maio],00- recomendação google,0,1,0%,BRL,0,0,Pesquisa,0%,0,0
como criar um posicionamento de marca,Correspondência de frase (variação aproximada),Nenhum,[Rodrigo][Search][Leads][Maio],00- recomendação google,0,1,0%,BRL,0,0,Pesquisa,0%,0,0
gestão da cadeia logística,Correspondência de frase,Nenhum,[Rodrigo][Search][Leads][Maio],01- Gestão,0,1,0%,BRL,0,0,Pesquisa,0%,0,0
analise de causa raiz,Correspondência ampla,Nenhum,[Rodrigo][Search][Leads][Maio],01- Gestão,0,1,0%,BRL,0,0,Pesquisa,0%,0,0
otimizza ia,Correspondência de frase (variação aproximada),Nenhum,[Rodrigo][Search][Leads][Maio],01- Gestão,0,1,0%,BRL,0,0,Pesquisa,0%,0,0
sistema de gestão,Correspondência exata,Adicionado,[Rodrigo][Search][Leads][Maio],01- Gestão,0,4,0%,BRL,0,0,Pesquisa,0%,0,0
controle de ordem de serviço,Correspondência de frase (variação aproximada),Nenhum,[Rodrigo][Search][Leads][Maio],01- Gestão,0,1,0%,BRL,0,0,Pesquisa,0%,0,0
software para venda direta,Correspondência de frase (variação aproximada),Nenhum,[Rodrigo][Search][Leads][Maio],01- Gestão,0,1,0%,BRL,0,0,Pesquisa,0%,0,0
sistema assessor,Correspondência de frase (variação aproximada),Nenhum,[Rodrigo][Search][Leads][Maio],01- Gestão,0,1,0%,BRL,0,0,Pesquisa,0%,0,0
channel projetos,Correspondência de frase (variação aproximada),Nenhum,[Rodrigo][Search][Leads][Maio],00- recomendação google,0,1,0%,BRL,0,0,Pesquisa,0%,0,0
comunify,Correspondência de frase (variação aproximada),Nenhum,[Rodrigo][Search][Leads][Maio],00- recomendação google,0,1,0%,BRL,0,0,Pesquisa,0%,0,0
planejamento estratégico,Correspondência exata,Adicionado,[Rodrigo][Search][Leads][Maio],01- Gestão,0,3,0%,BRL,0,0,Pesquisa,0%,0,0
oquesobra,Correspondência de frase (variação aproximada),Nenhum,[Rodrigo][Search][Leads][Maio],01- Gestão,0,3,0%,BRL,0,0,Pesquisa,0%,0,0
belle software,Correspondência de frase (variação aproximada),Nenhum,[Rodrigo][Search][Leads][Maio],01- Gestão,0,1,0%,BRL,0,0,Pesquisa,0%,0,0
sap,Correspondência ampla,Excluído,[Rodrigo][Search][Leads][Maio],00- recomendação google,2,3,"66,67%",BRL,"1,73","3,46",Pesquisa,0%,0,0
modelos de gestão de projetos,Correspondência de frase,Nenhum,[Rodrigo][Search][Leads][Maio],01- Gestão,0,1,0%,BRL,0,0,Pesquisa,0%,0,0
pgp plataforma de gerenciamento de programas de provimento,Correspondência de frase (variação aproximada),Nenhum,[Rodrigo][Search][Leads][Maio],01- Gestão,0,1,0%,BRL,0,0,Pesquisa,0%,0,0
análise swot pessoal teste online,Correspondência de frase,Nenhum,[Rodrigo][Search][Leads][Maio],00- recomendação google,0,1,0%,BRL,0,0,Pesquisa,0%,0,0
orbitgestao,Correspondência ampla,Nenhum,[Rodrigo][Search][Leads][Maio],01- Gestão,0,1,0%,BRL,0,0,Pesquisa,0%,0,0
time is money,Correspondência de frase (variação aproximada),Nenhum,[Rodrigo][Search][Leads][Maio],01- Gestão,0,1,0%,BRL,0,0,Pesquisa,0%,0,0
hub inteligencia e gestão,Correspondência de frase,Nenhum,[Rodrigo][Search][Leads][Maio],01- Gestão,0,1,0%,BRL,0,0,Pesquisa,0%,0,0
mapeamento de processos,Correspondência de frase (variação aproximada),Nenhum,[Rodrigo][Search][Leads][Maio],01- Gestão,0,2,0%,BRL,0,0,Pesquisa,0%,0,0
cawemo bpmn,Correspondência de frase (variação aproximada),Nenhum,[Rodrigo][Search][Leads][Maio],01- Gestão,0,1,0%,BRL,0,0,Pesquisa,0%,0,0
livro de gestão,Correspondência ampla,Nenhum,[Rodrigo][Search][Leads][Maio],00- recomendação google,0,1,0%,BRL,0,0,Pesquisa,0%,0,0
fluxo processos,Correspondência de frase (variação aproximada),Nenhum,[Rodrigo][Search][Leads][Maio],01- Gestão,0,1,0%,BRL,0,0,Pesquisa,0%,0,0
sistema de gestão para vidraçaria,Correspondência de frase,Nenhum,[Rodrigo][Search][Leads][Maio],01- Gestão,1,1,100%,BRL,"8,86","8,86",Pesquisa,0%,0,0
matriz fofa,Correspondência de frase (variação aproximada),Nenhum,[Rodrigo][Search][Leads][Maio],00- recomendação google,0,1,0%,BRL,0,0,Pesquisa,0%,0,0
defina estratégia,Correspondência ampla,Nenhum,[Rodrigo][Search][Leads][Maio],00- recomendação google,0,1,0%,BRL,0,0,Pesquisa,0%,0,0
4c foresee,Correspondência de frase (variação aproximada),Nenhum,[Rodrigo][Search][Leads][Maio],01- Gestão,0,1,0%,BRL,0,0,Pesquisa,0%,0,0
inexsis,Correspondência ampla,Nenhum,[Rodrigo][Search][Leads][Maio],01- Gestão,0,1,0%,BRL,0,0,Pesquisa,0%,0,0
sistema para marmoraria,Correspondência de frase (variação aproximada),Nenhum,[Rodrigo][Search][Leads][Maio],01- Gestão,0,1,0%,BRL,0,0,Pesquisa,0%,0,0
gestorv3,Correspondência de frase (variação aproximada),Nenhum,[Rodrigo][Search][Leads][Maio],01- Gestão,0,1,0%,BRL,0,0,Pesquisa,0%,0,0
software,Correspondência ampla,Nenhum,[Rodrigo][Search][Leads][Maio],01- Gestão,0,1,0%,BRL,0,0,Pesquisa,0%,0,0
planilha de controle de estoque,Correspondência de frase (variação aproximada),Nenhum,[Rodrigo][Search][Leads][Maio],00- recomendação google,0,1,0%,BRL,0,0,Pesquisa,0%,0,0
hyper gestor,Correspondência de frase (variação aproximada),Nenhum,[Rodrigo][Search][Leads][Maio],01- Gestão,0,1,0%,BRL,0,0,Pesquisa,0%,0,0
gestao pratica,Correspondência de frase,Nenhum,[Rodrigo][Search][Leads][Maio],01- Gestão,0,1,0%,BRL,0,0,Pesquisa,0%,0,0
webgex,Correspondência ampla,Nenhum,[Rodrigo][Search][Leads][Maio],01- Gestão,0,1,0%,BRL,0,0,Pesquisa,0%,0,0
estrategia de vendas,Correspondência de frase (variação aproximada),Nenhum,[Rodrigo][Search][Leads][Maio],00- recomendação google,0,2,0%,BRL,0,0,Pesquisa,0%,0,0
izzy plan,Correspondência de frase (variação aproximada),Nenhum,[Rodrigo][Search][Leads][Maio],00- recomendação google,0,1,0%,BRL,0,0,Pesquisa,0%,0,0
planilhas de rh gratuito,Correspondência de frase (variação aproximada),Nenhum,[Rodrigo][Search][Leads][Maio],01- Gestão,0,1,0%,BRL,0,0,Pesquisa,0%,0,0
como fazer analise de mercado de uma empresa,Correspondência ampla,Nenhum,[Rodrigo][Search][Leads][Maio],01- Gestão,0,1,0%,BRL,0,0,Pesquisa,0%,0,0
criação de processos organizacionais,Correspondência de frase (variação aproximada),Nenhum,[Rodrigo][Search][Leads][Maio],01- Gestão,0,1,0%,BRL,0,0,Pesquisa,0%,0,0
bizagi app,Correspondência ampla,Nenhum,[Rodrigo][Search][Leads][Maio],00- recomendação google,0,1,0%,BRL,0,0,Pesquisa,0%,0,0
webglass sistema,Correspondência de frase (variação aproximada),Nenhum,[Rodrigo][Search][Leads][Maio],01- Gestão,0,1,0%,BRL,0,0,Pesquisa,0%,0,0
key objectives,Correspondência ampla,Nenhum,[Rodrigo][Search][Leads][Maio],00- recomendação google,0,1,0%,BRL,0,0,Pesquisa,0%,0,0
bpms orquestra,Correspondência de frase (variação aproximada),Nenhum,[Rodrigo][Search][Leads][Maio],01- Gestão,0,1,0%,BRL,0,0,Pesquisa,0%,0,0
provalore,Correspondência ampla,Nenhum,[Rodrigo][Search][Leads][Maio],01- Gestão,0,1,0%,BRL,0,0,Pesquisa,0%,0,0
gestão ink,Correspondência de frase,Nenhum,[Rodrigo][Search][Leads][Maio],01- Gestão,0,1,0%,BRL,0,0,Pesquisa,0%,0,0
gestão,Correspondência exata,Adicionado,[Rodrigo][Search][Leads][Maio],01- Gestão,0,4,0%,BRL,0,0,Pesquisa,0%,0,0
xmanager gerenciamento inteligente,Correspondência ampla,Nenhum,[Rodrigo][Search][Leads][Maio],00- recomendação google,0,1,0%,BRL,0,0,Pesquisa,0%,0,0
wms tiny,Correspondência de frase (variação aproximada),Nenhum,[Rodrigo][Search][Leads][Maio],01- Gestão,0,1,0%,BRL,0,0,Pesquisa,0%,0,0
gob sistema,Correspondência de frase (variação aproximada),Nenhum,[Rodrigo][Search][Leads][Maio],00- recomendação google,0,1,0%,BRL,0,0,Pesquisa,0%,0,0
forças strengths,Correspondência de frase (variação aproximada),Nenhum,[Rodrigo][Search][Leads][Maio],00- recomendação google,0,1,0%,BRL,0,0,Pesquisa,0%,0,0
criar fluxograma de processos,Correspondência ampla,Nenhum,[Rodrigo][Search][Leads][Maio],01- Gestão,0,1,0%,BRL,0,0,Pesquisa,0%,0,0
sistema pdv não fiscal gratuito,Correspondência de frase (variação aproximada),Nenhum,[Rodrigo][Search][Leads][Maio],01- Gestão,0,1,0%,BRL,0,0,Pesquisa,0%,0,0
id work,Correspondência ampla,Nenhum,[Rodrigo][Search][Leads][Maio],00- recomendação google,0,1,0%,BRL,0,0,Pesquisa,0%,0,0
como sair do operacional e ir para o estrategico,Correspondência de frase (variação aproximada),Nenhum,[Rodrigo][Search][Leads][Maio],00- recomendação google,0,1,0%,BRL,0,0,Pesquisa,0%,0,0
gestão integrada,Correspondência de frase,Nenhum,[Rodrigo][Search][Leads][Maio],01- Gestão,0,1,0%,BRL,0,0,Pesquisa,0%,0,0
gestia,Correspondência ampla,Nenhum,[Rodrigo][Search][Leads][Maio],01- Gestão,0,1,0%,BRL,0,0,Pesquisa,0%,0,0
como posso administrar uma empresa,Correspondência ampla,Nenhum,[Rodrigo][Search][Leads][Maio],01- Gestão,0,1,0%,BRL,0,0,Pesquisa,0%,0,0
matriz swot exemplos,Correspondência de frase (variação aproximada),Nenhum,[Rodrigo][Search][Leads][Maio],00- recomendação google,0,1,0%,BRL,0,0,Pesquisa,0%,0,0
analise swot da empresa,Correspondência exata (variante aproximada),Nenhum,[Rodrigo][Search][Leads][Maio],00- recomendação google,0,1,0%,BRL,0,0,Pesquisa,0%,0,0
assertiva,Correspondência ampla,Nenhum,[Rodrigo][Search][Leads][Maio],01- Gestão,0,2,0%,BRL,0,0,Pesquisa,0%,0,0
analise swot pessoal,Correspondência de frase (variação aproximada),Nenhum,[Rodrigo][Search][Leads][Maio],00- recomendação google,0,1,0%,BRL,0,0,Pesquisa,0%,0,0
otimiza pro,Correspondência de frase (variação aproximada),Nenhum,[Rodrigo][Search][Leads][Maio],00- recomendação google,0,1,0%,BRL,0,0,Pesquisa,0%,0,0
planilha dinamica controle de estoque,Correspondência ampla,Nenhum,[Rodrigo][Search][Leads][Maio],01- Gestão,0,1,0%,BRL,0,0,Pesquisa,0%,0,0
time fence,Correspondência ampla,Nenhum,[Rodrigo][Search][Leads][Maio],01- Gestão,0,1,0%,BRL,0,0,Pesquisa,0%,0,0
modelo analise swot,Correspondência de frase,Nenhum,[Rodrigo][Search][Leads][Maio],00- recomendação google,0,1,0%,BRL,0,0,Pesquisa,0%,0,0
planilha de controle de pedidos,Correspondência de frase (variação aproximada),Nenhum,[Rodrigo][Search][Leads][Maio],01- Gestão,0,1,0%,BRL,0,0,Pesquisa,0%,0,0
planilha de estoque entrada e saida,Correspondência de frase (variação aproximada),Nenhum,[Rodrigo][Search][Leads][Maio],01- Gestão,0,1,0%,BRL,0,0,Pesquisa,0%,0,0
aris fluxograma,Correspondência de frase (variação aproximada),Nenhum,[Rodrigo][Search][Leads][Maio],01- Gestão,0,1,0%,BRL,0,0,Pesquisa,0%,0,0
empresas simuladas,Correspondência ampla,Nenhum,[Rodrigo][Search][Leads][Maio],01- Gestão,0,1,0%,BRL,0,0,Pesquisa,0%,0,0
sap,Correspondência ampla,Nenhum,[Rodrigo][Search][Leads][Maio],01- Gestão,0,18,0%,BRL,0,0,Pesquisa,0%,0,0
heflo bpm,Correspondência de frase (variação aproximada),Nenhum,[Rodrigo][Search][Leads][Maio],01- Gestão,0,1,0%,BRL,0,0,Pesquisa,0%,0,0
zeonpaper,Correspondência ampla,Nenhum,[Rodrigo][Search][Leads][Maio],00- recomendação google,0,1,0%,BRL,0,0,Pesquisa,0%,0,0
topdown sistemas,Correspondência ampla,Nenhum,[Rodrigo][Search][Leads][Maio],01- Gestão,0,1,0%,BRL,0,0,Pesquisa,0%,0,0
app unobject,Correspondência de frase (variação aproximada),Nenhum,[Rodrigo][Search][Leads][Maio],00- recomendação google,0,1,0%,BRL,0,0,Pesquisa,0%,0,0
como fazer um plano de negocio,Correspondência ampla,Nenhum,[Rodrigo][Search][Leads][Maio],01- Gestão,0,1,0%,BRL,0,0,Pesquisa,0%,0,0
sydle one,Correspondência de frase (variação aproximada),Nenhum,[Rodrigo][Search][Leads][Maio],01- Gestão,0,2,0%,BRL,0,0,Pesquisa,0%,0,0
orbita software,Correspondência de frase (variação aproximada),Nenhum,[Rodrigo][Search][Leads][Maio],01- Gestão,0,1,0%,BRL,0,0,Pesquisa,0%,0,0
sistema para despachante veicular,Correspondência de frase (variação aproximada),Nenhum,[Rodrigo][Search][Leads][Maio],01- Gestão,0,2,0%,BRL,0,0,Pesquisa,0%,0,0
padronização de processos,Correspondência de frase (variação aproximada),Nenhum,[Rodrigo][Search][Leads][Maio],01- Gestão,0,1,0%,BRL,0,0,Pesquisa,0%,0,0
gestão de usinas solares,Correspondência ampla,Nenhum,[Rodrigo][Search][Leads][Maio],01- Gestão,0,1,0%,BRL,0,0,Pesquisa,0%,0,0
gestão dev,Correspondência de frase,Nenhum,[Rodrigo][Search][Leads][Maio],01- Gestão,0,1,0%,BRL,0,0,Pesquisa,0%,0,0
nuubs,Correspondência ampla,Nenhum,[Rodrigo][Search][Leads][Maio],00- recomendação google,0,1,0%,BRL,0,0,Pesquisa,0%,0,0
plataforma de gerenciamento de programas de provimento,Correspondência de frase (variação aproximada),Nenhum,[Rodrigo][Search][Leads][Maio],01- Gestão,0,5,0%,BRL,0,0,Pesquisa,0%,0,0
plano de venda,Correspondência ampla,Nenhum,[Rodrigo][Search][Leads][Maio],00- recomendação google,0,1,0%,BRL,0,0,Pesquisa,0%,0,0
como elaborar fluxograma de processos,Correspondência ampla,Nenhum,[Rodrigo][Search][Leads][Maio],00- recomendação google,0,1,0%,BRL,0,0,Pesquisa,0%,0,0
tarefy,Correspondência ampla,Nenhum,[Rodrigo][Search][Leads][Maio],00- recomendação google,0,1,0%,BRL,0,0,Pesquisa,0%,0,0
como montar uma estratégia de vendas,Correspondência de frase (variação aproximada),Nenhum,[Rodrigo][Search][Leads][Maio],01- Gestão,0,2,0%,BRL,0,0,Pesquisa,0%,0,0
como criar um plano,Correspondência ampla,Nenhum,[Rodrigo][Search][Leads][Maio],01- Gestão,0,1,0%,BRL,0,0,Pesquisa,0%,0,0
leven tecnologia,Correspondência ampla,Nenhum,[Rodrigo][Search][Leads][Maio],01- Gestão,0,1,0%,BRL,0,0,Pesquisa,0%,0,0
resolbia,Correspondência ampla,Nenhum,[Rodrigo][Search][Leads][Maio],01- Gestão,0,1,0%,BRL,0,0,Pesquisa,0%,0,0
organograma de uma confeitaria,Correspondência ampla,Nenhum,[Rodrigo][Search][Leads][Maio],00- recomendação google,0,1,0%,BRL,0,0,Pesquisa,0%,0,0
como fazer uma empresa crescer e ter sucesso,Correspondência de frase (variação aproximada),Nenhum,[Rodrigo][Search][Leads][Maio],00- recomendação google,0,1,0%,BRL,0,0,Pesquisa,0%,0,0
análise swot de uma loja de roupas,Correspondência de frase,Nenhum,[Rodrigo][Search][Leads][Maio],01- Gestão,0,1,0%,BRL,0,0,Pesquisa,0%,0,0
gestoo,Correspondência de frase (variação aproximada),Nenhum,[Rodrigo][Search][Leads][Maio],01- Gestão,0,1,0%,BRL,0,0,Pesquisa,0%,0,0
small medium business,Correspondência ampla,Nenhum,[Rodrigo][Search][Leads][Maio],00- recomendação google,0,1,0%,BRL,0,0,Pesquisa,0%,0,0
beefor,Correspondência ampla,Nenhum,[Rodrigo][Search][Leads][Maio],00- recomendação google,0,1,0%,BRL,0,0,Pesquisa,0%,0,0
planilha de agendamento de visitas a clientes,Correspondência ampla,Nenhum,[Rodrigo][Search][Leads][Maio],01- Gestão,0,1,0%,BRL,0,0,Pesquisa,0%,0,0
analise swot modelo,Correspondência de frase,Nenhum,[Rodrigo][Search][Leads][Maio],00- recomendação google,0,1,0%,BRL,0,0,Pesquisa,0%,0,0
análise swot exemplo,Correspondência de frase,Nenhum,[Rodrigo][Search][Leads][Maio],00- recomendação google,0,1,0%,BRL,0,0,Pesquisa,0%,0,0
sgdi gabinete online,Correspondência de frase (variação aproximada),Nenhum,[Rodrigo][Search][Leads][Maio],01- Gestão,0,1,0%,BRL,0,0,Pesquisa,0%,0,0
accelera 360,Correspondência ampla,Nenhum,[Rodrigo][Search][Leads][Maio],01- Gestão,0,1,0%,BRL,0,0,Pesquisa,0%,0,0
como aumentar o movimento de um restaurante,Correspondência de frase (variação aproximada),Nenhum,[Rodrigo][Search][Leads][Maio],01- Gestão,0,1,0%,BRL,0,0,Pesquisa,0%,0,0
teste swot online grátis,Correspondência de frase (variação aproximada),Nenhum,[Rodrigo][Search][Leads][Maio],00- recomendação google,0,1,0%,BRL,0,0,Pesquisa,0%,0,0
ia para criar fluxograma de processos,Correspondência ampla,Nenhum,[Rodrigo][Search][Leads][Maio],00- recomendação google,0,1,0%,BRL,0,0,Pesquisa,0%,0,0
orbit crm,Correspondência de frase (variação aproximada),Nenhum,[Rodrigo][Lead][Defesa da marca],Defesa da marca,0,4,0%,BRL,0,0,Pesquisa,0%,0,0
goflow,Correspondência ampla,Nenhum,[Rodrigo][Search][Leads][Maio],01- Gestão,0,1,0%,BRL,0,0,Pesquisa,0%,0,0
veritas sistema,Correspondência de frase (variação aproximada),Nenhum,[Rodrigo][Search][Leads][Maio],01- Gestão,0,1,0%,BRL,0,0,Pesquisa,0%,0,0
programas finalísticos e de gestão,Correspondência de frase,Nenhum,[Rodrigo][Search][Leads][Maio],01- Gestão,0,2,0%,BRL,0,0,Pesquisa,0%,0,0
commandix,Correspondência ampla,Nenhum,[Rodrigo][Search][Leads][Maio],01- Gestão,0,1,0%,BRL,0,0,Pesquisa,0%,0,0
mitra ia,Correspondência ampla,Nenhum,[Rodrigo][Search][Leads][Maio],01- Gestão,0,1,0%,BRL,0,0,Pesquisa,0%,0,0
gestor de jornada de compra,Correspondência de frase (variação aproximada),Nenhum,[Rodrigo][Search][Leads][Maio],01- Gestão,0,2,0%,BRL,0,0,Pesquisa,0%,0,0
gestão de obras,Correspondência de frase,Nenhum,[Rodrigo][Search][Leads][Maio],01- Gestão,0,1,0%,BRL,0,0,Pesquisa,0%,0,0
lagomtech,Correspondência ampla,Nenhum,[Rodrigo][Search][Leads][Maio],00- recomendação google,0,1,0%,BRL,0,0,Pesquisa,0%,0,0
como vender bem,Correspondência de frase (variação aproximada),Nenhum,[Rodrigo][Search][Leads][Maio],01- Gestão,0,1,0%,BRL,0,0,Pesquisa,0%,0,0
como ter uma distribuidora de sucesso,Correspondência ampla,Nenhum,[Rodrigo][Search][Leads][Maio],00- recomendação google,0,1,0%,BRL,0,0,Pesquisa,0%,0,0
marmoprice,Correspondência ampla,Nenhum,[Rodrigo][Search][Leads][Maio],01- Gestão,0,1,0%,BRL,0,0,Pesquisa,0%,0,0
criar estrategia de marketing,Correspondência de frase (variação aproximada),Nenhum,[Rodrigo][Search][Leads][Maio],00- recomendação google,1,1,100%,BRL,"5,75","5,75",Pesquisa,0%,0,0
seu gestor app,Correspondência de frase (variação aproximada),Nenhum,[Rodrigo][Search][Leads][Maio],01- Gestão,0,1,0%,BRL,0,0,Pesquisa,0%,0,0
fluxograma de uma empresa de cosméticos,Correspondência ampla,Nenhum,[Rodrigo][Search][Leads][Maio],00- recomendação google,0,1,0%,BRL,0,0,Pesquisa,0%,0,0
organograma de uma empresa,Correspondência de frase (variação aproximada),Nenhum,[Rodrigo][Search][Leads][Maio],01- Gestão,0,1,0%,BRL,0,0,Pesquisa,0%,0,0
mapear processo,Correspondência de frase (variação aproximada),Nenhum,[Rodrigo][Search][Leads][Maio],01- Gestão,0,1,0%,BRL,0,0,Pesquisa,0%,0,0
primesdr,Correspondência ampla,Nenhum,[Rodrigo][Search][Leads][Maio],00- recomendação google,0,1,0%,BRL,0,0,Pesquisa,0%,0,0
como administrar uma empresa do zero,Correspondência de frase (variação aproximada),Excluído,[Rodrigo][Search][Leads][Maio],01- Gestão,1,1,100%,BRL,"5,56","5,56",Pesquisa,0%,0,0
sistema vbs,Correspondência de frase (variação aproximada),Nenhum,[Rodrigo][Search][Leads][Maio],01- Gestão,0,1,0%,BRL,0,0,Pesquisa,0%,0,0
software concierge,Correspondência de frase (variação aproximada),Nenhum,[Rodrigo][Search][Leads][Maio],01- Gestão,0,1,0%,BRL,0,0,Pesquisa,0%,0,0
opecsis,Correspondência ampla,Nenhum,[Rodrigo][Search][Leads][Maio],01- Gestão,0,1,0%,BRL,0,0,Pesquisa,0%,0,0
assertiva sistema,Correspondência de frase (variação aproximada),Nenhum,[Rodrigo][Search][Leads][Maio],01- Gestão,0,1,0%,BRL,0,0,Pesquisa,0%,0,0
berrytech,Correspondência ampla,Nenhum,[Rodrigo][Search][Leads][Maio],00- recomendação google,0,1,0%,BRL,0,0,Pesquisa,0%,0,0
plataforma cera,Correspondência de frase (variação aproximada),Nenhum,[Rodrigo][Search][Leads][Maio],01- Gestão,0,1,0%,BRL,0,0,Pesquisa,0%,0,0
leavo,Correspondência ampla,Nenhum,[Rodrigo][Search][Leads][Maio],01- Gestão,0,1,0%,BRL,0,0,Pesquisa,0%,0,0
tecnicas de vendas loja fisica,Correspondência de frase (variação aproximada),Nenhum,[Rodrigo][Search][Leads][Maio],01- Gestão,0,1,0%,BRL,0,0,Pesquisa,0%,0,0
automação de processos,Correspondência ampla,Nenhum,[Rodrigo][Search][Leads][Maio],01- Gestão,0,1,0%,BRL,0,0,Pesquisa,0%,0,0
organigrama societario,Correspondência ampla,Nenhum,[Rodrigo][Search][Leads][Maio],01- Gestão,0,1,0%,BRL,0,0,Pesquisa,0%,0,0
pilulas de gestão,Correspondência de frase,Nenhum,[Rodrigo][Search][Leads][Maio],01- Gestão,0,2,0%,BRL,0,0,Pesquisa,0%,0,0
sistema para esquadrias,Correspondência de frase (variação aproximada),Nenhum,[Rodrigo][Search][Leads][Maio],01- Gestão,0,2,0%,BRL,0,0,Pesquisa,0%,0,0
cadeia de valor de processos,Correspondência de frase (variação aproximada),Nenhum,[Rodrigo][Search][Leads][Maio],01- Gestão,0,1,0%,BRL,0,0,Pesquisa,0%,0,0
accelera360,Correspondência ampla,Nenhum,[Rodrigo][Search][Leads][Maio],01- Gestão,0,2,0%,BRL,0,0,Pesquisa,0%,0,0
gestão operacional,Correspondência de frase,Nenhum,[Rodrigo][Search][Leads][Maio],01- Gestão,0,1,0%,BRL,0,0,Pesquisa,0%,0,0
modulo ax manager,Correspondência ampla,Nenhum,[Rodrigo][Search][Leads][Maio],01- Gestão,0,1,0%,BRL,0,0,Pesquisa,0%,0,0
valora cc,Correspondência de frase (variação aproximada),Nenhum,[Rodrigo][Search][Leads][Maio],00- recomendação google,0,1,0%,BRL,0,0,Pesquisa,0%,0,0
gestão de barbearia grátis,Correspondência de frase,Nenhum,[Rodrigo][Search][Leads][Maio],01- Gestão,0,2,0%,BRL,0,0,Pesquisa,0%,0,0
planilha analise swot gratuita,Correspondência de frase,Nenhum,[Rodrigo][Search][Leads][Maio],01- Gestão,0,1,0%,BRL,0,0,Pesquisa,0%,0,0
plaky,Correspondência ampla,Nenhum,[Rodrigo][Search][Leads][Maio],00- recomendação google,0,1,0%,BRL,0,0,Pesquisa,0%,0,0
planilha de atendimento gratuito,Correspondência de frase (variação aproximada),Nenhum,[Rodrigo][Search][Leads][Maio],00- recomendação google,0,1,0%,BRL,0,0,Pesquisa,0%,0,0
análiseswot,Correspondência exata (variante aproximada),Nenhum,[Rodrigo][Search][Leads][Maio],01- Gestão,0,1,0%,BRL,0,0,Pesquisa,0%,0,0
getbr,Correspondência ampla,Nenhum,[Rodrigo][Search][Leads][Maio],00- recomendação google,0,1,0%,BRL,0,0,Pesquisa,0%,0,0
doss erp,Correspondência de frase (variação aproximada),Nenhum,[Rodrigo][Search][Leads][Maio],01- Gestão,0,1,0%,BRL,0,0,Pesquisa,0%,0,0
como fazer analise swot pessoal,Correspondência de frase,Nenhum,[Rodrigo][Search][Leads][Maio],01- Gestão,0,1,0%,BRL,0,0,Pesquisa,0%,0,0
swot app,Correspondência de frase (variação aproximada),Nenhum,[Rodrigo][Search][Leads][Maio],01- Gestão,0,1,0%,BRL,0,0,Pesquisa,0%,0,0
acompanhamento de produção,Correspondência de frase (variação aproximada),Nenhum,[Rodrigo][Search][Leads][Maio],01- Gestão,0,1,0%,BRL,0,0,Pesquisa,0%,0,0
estrutura organizacional de um restaurante,Correspondência ampla,Nenhum,[Rodrigo][Search][Leads][Maio],01- Gestão,0,1,0%,BRL,0,0,Pesquisa,0%,0,0
análise swot pessoal,Correspondência de frase,Nenhum,[Rodrigo][Search][Leads][Maio],01- Gestão,0,2,0%,BRL,0,0,Pesquisa,0%,0,0
meu negocio,Correspondência ampla,Nenhum,[Rodrigo][Search][Leads][Maio],01- Gestão,0,1,0%,BRL,0,0,Pesquisa,0%,0,0
swot editavel,Correspondência de frase (variação aproximada),Nenhum,[Rodrigo][Search][Leads][Maio],00- recomendação google,0,1,0%,BRL,0,0,Pesquisa,0%,0,0
multicorban,Correspondência de frase (variação aproximada),Nenhum,[Rodrigo][Search][Leads][Maio],01- Gestão,0,1,0%,BRL,0,0,Pesquisa,0%,0,0
dashboard,Correspondência ampla,Nenhum,[Rodrigo][Search][Leads][Maio],00- recomendação google,0,7,0%,BRL,0,0,Pesquisa,0%,0,0
sistema de pdv completo,Correspondência de frase (variação aproximada),Nenhum,[Rodrigo][Search][Leads][Maio],01- Gestão,0,1,0%,BRL,0,0,Pesquisa,0%,0,0
sistema de gestão para oticas,Correspondência de frase,Nenhum,[Rodrigo][Search][Leads][Maio],01- Gestão,0,1,0%,BRL,0,0,Pesquisa,0%,0,0
analise de swot como fazer,Correspondência de frase,Nenhum,[Rodrigo][Search][Leads][Maio],01- Gestão,0,1,0%,BRL,0,0,Pesquisa,0%,0,0
plan project,Correspondência ampla,Nenhum,[Rodrigo][Search][Leads][Maio],00- recomendação google,0,1,0%,BRL,0,0,Pesquisa,0%,0,0
meu negocio,Correspondência ampla,Nenhum,[Rodrigo][Search][Leads][Maio],00- recomendação google,0,1,0%,BRL,0,0,Pesquisa,0%,0,0
gestao de espacos,Correspondência de frase,Nenhum,[Rodrigo][Search][Leads][Maio],01- Gestão,0,1,0%,BRL,0,0,Pesquisa,0%,0,0
gestao de pacotes,Correspondência de frase,Nenhum,[Rodrigo][Search][Leads][Maio],01- Gestão,0,1,0%,BRL,0,0,Pesquisa,0%,0,0
qontrol,Correspondência ampla,Nenhum,[Rodrigo][Search][Leads][Maio],01- Gestão,0,1,0%,BRL,0,0,Pesquisa,0%,0,0
pop empresas,Correspondência ampla,Nenhum,[Rodrigo][Search][Leads][Maio],01- Gestão,0,2,0%,BRL,0,0,Pesquisa,0%,0,0
squadbi,Correspondência ampla,Nenhum,[Rodrigo][Search][Leads][Maio],00- recomendação google,0,2,0%,BRL,0,0,Pesquisa,0%,0,0
planilha de mapeamento de processos,Correspondência de frase (variação aproximada),Nenhum,[Rodrigo][Search][Leads][Maio],01- Gestão,0,2,0%,BRL,0,0,Pesquisa,0%,0,0
planejamento estratégico pessoal pronto,Correspondência de frase,Nenhum,[Rodrigo][Search][Leads][Maio],01- Gestão,0,1,0%,BRL,0,0,Pesquisa,0%,0,0
https suporte totvs com,Correspondência ampla,Nenhum,[Rodrigo][Search][Leads][Maio],01- Gestão,0,2,0%,BRL,0,0,Pesquisa,0%,0,0
prumo consultoria,Correspondência ampla,Nenhum,[Rodrigo][Search][Leads][Maio],00- recomendação google,0,1,0%,BRL,0,0,Pesquisa,0%,0,0
fofa matriz,Correspondência exata (variante aproximada),Nenhum,[Rodrigo][Search][Leads][Maio],01- Gestão,0,1,0%,BRL,0,0,Pesquisa,0%,0,0
como aplicar analise swot na empresa,Correspondência de frase (variação aproximada),Nenhum,[Rodrigo][Search][Leads][Maio],00- recomendação google,2,1,200%,BRL,"1,68","3,35",Pesquisa,0%,0,0
gerenciamento alpha,Correspondência ampla,Nenhum,[Rodrigo][Lead][Defesa da marca],Defesa da marca,0,1,0%,BRL,0,0,Pesquisa,0%,0,0
software de gestao da qualidade,Correspondência de frase (variação aproximada),Nenhum,[Rodrigo][Search][Leads][Maio],01- Gestão,0,1,0%,BRL,0,0,Pesquisa,0%,0,0
consultoria de processos organizacionais,Correspondência de frase (variação aproximada),Nenhum,[Rodrigo][Search][Leads][Maio],01- Gestão,0,1,0%,BRL,0,0,Pesquisa,0%,0,0
candsys,Correspondência de frase (variação aproximada),Nenhum,[Rodrigo][Search][Leads][Maio],00- recomendação google,0,1,0%,BRL,0,0,Pesquisa,0%,0,0
csc gestão integrada,Correspondência de frase,Nenhum,[Rodrigo][Search][Leads][Maio],01- Gestão,0,1,0%,BRL,0,0,Pesquisa,0%,0,0
analise de swot,Correspondência exata,Adicionado,[Rodrigo][Search][Leads][Maio],00- recomendação google,0,5,0%,BRL,0,0,Pesquisa,0%,0,0
jestor ou gestor,Correspondência de frase (variação aproximada),Nenhum,[Rodrigo][Search][Leads][Maio],01- Gestão,0,1,0%,BRL,0,0,Pesquisa,0%,0,0
flowup,Correspondência ampla,Nenhum,[Rodrigo][Search][Leads][Maio],01- Gestão,0,1,0%,BRL,0,0,Pesquisa,0%,0,0
value stream mapping,Correspondência ampla,Nenhum,[Rodrigo][Search][Leads][Maio],01- Gestão,0,1,0%,BRL,0,0,Pesquisa,0%,0,0
modelo de análise de swot editável,Correspondência de frase,Nenhum,[Rodrigo][Search][Leads][Maio],01- Gestão,0,1,0%,BRL,0,0,Pesquisa,0%,0,0
nexusgen,Correspondência ampla,Nenhum,[Rodrigo][Search][Leads][Maio],01- Gestão,0,6,0%,BRL,0,0,Pesquisa,0%,0,0
gestão de branding,Correspondência de frase (variação aproximada),Nenhum,[Rodrigo][Search][Leads][Maio],01- Gestão,0,1,0%,BRL,0,0,Pesquisa,0%,0,0
como criar uma rotina de trabalho na empresa,Correspondência ampla,Nenhum,[Rodrigo][Search][Leads][Maio],00- recomendação google,0,1,0%,BRL,0,0,Pesquisa,0%,0,0
análise swot editável grátis,Correspondência de frase (variação aproximada),Nenhum,[Rodrigo][Search][Leads][Maio],00- recomendação google,0,1,0%,BRL,0,0,Pesquisa,0%,0,0
sistema para mei,Correspondência de frase (variação aproximada),Nenhum,[Rodrigo][Search][Leads][Maio],00- recomendação google,0,1,0%,BRL,0,0,Pesquisa,0%,0,0
app gerencial,Correspondência de frase (variação aproximada),Nenhum,[Rodrigo][Search][Leads][Maio],01- Gestão,0,1,0%,BRL,0,0,Pesquisa,0%,0,0
orquestração de jornadas,Correspondência de frase (variação aproximada),Nenhum,[Rodrigo][Search][Leads][Maio],00- recomendação google,0,1,0%,BRL,0,0,Pesquisa,0%,0,0
leadtime,Correspondência ampla,Nenhum,[Rodrigo][Search][Leads][Maio],01- Gestão,0,1,0%,BRL,0,0,Pesquisa,0%,0,0
como fazer um planejamento estratégico de uma empresa,Correspondência de frase (variação aproximada),Nenhum,[Rodrigo][Search][Leads][Maio],01- Gestão,1,1,100%,BRL,"1,72","1,72",Pesquisa,0%,0,0
i gestao,Correspondência de frase,Nenhum,[Rodrigo][Search][Leads][Maio],01- Gestão,0,1,0%,BRL,0,0,Pesquisa,0%,0,0
mapeamento de processo,Correspondência de frase (variação aproximada),Nenhum,[Rodrigo][Search][Leads][Maio],01- Gestão,0,1,0%,BRL,0,0,Pesquisa,0%,0,0
field,Correspondência ampla,Nenhum,[Rodrigo][Search][Leads][Maio],01- Gestão,0,1,0%,BRL,0,0,Pesquisa,0%,0,0
business plan,Correspondência ampla,Nenhum,[Rodrigo][Search][Leads][Maio],00- recomendação google,0,1,0%,BRL,0,0,Pesquisa,0%,0,0
orbi consultoria,Correspondência ampla,Nenhum,[Rodrigo][Search][Leads][Maio],01- Gestão,0,1,0%,BRL,0,0,Pesquisa,0%,0,0
estudo de viabilidade econômica modelo,Correspondência ampla,Nenhum,[Rodrigo][Search][Leads][Maio],01- Gestão,0,1,0%,BRL,0,0,Pesquisa,0%,0,0
timely,Correspondência ampla,Nenhum,[Rodrigo][Lead][Defesa da marca],Defesa da marca,0,1,0%,BRL,0,0,Pesquisa,0%,0,0
programa de excelência,Correspondência de frase (variação aproximada),Nenhum,[Rodrigo][Search][Leads][Maio],01- Gestão,0,1,0%,BRL,0,0,Pesquisa,0%,0,0
saber gestao,Correspondência de frase,Nenhum,[Rodrigo][Search][Leads][Maio],01- Gestão,0,1,0%,BRL,0,0,Pesquisa,0%,0,0
sistema para despachante gratuito,Correspondência de frase (variação aproximada),Nenhum,[Rodrigo][Search][Leads][Maio],01- Gestão,0,3,0%,BRL,0,0,Pesquisa,0%,0,0
dna de vendas,Correspondência ampla,Nenhum,[Rodrigo][Search][Leads][Maio],01- Gestão,0,1,0%,BRL,0,0,Pesquisa,0%,0,0
7w2h,Correspondência ampla,Nenhum,[Rodrigo][Search][Leads][Maio],01- Gestão,0,1,0%,BRL,0,0,Pesquisa,0%,0,0
grupo vilela gestão empresarial,Correspondência ampla,Nenhum,[Rodrigo][Search][Leads][Maio],00- recomendação google,0,2,0%,BRL,0,0,Pesquisa,0%,0,0
scalefy,Correspondência ampla,Nenhum,[Rodrigo][Search][Leads][Maio],01- Gestão,0,1,0%,BRL,0,0,Pesquisa,0%,0,0
timely,Correspondência ampla,Nenhum,[Rodrigo][Search][Leads][Maio],00- recomendação google,0,1,0%,BRL,0,0,Pesquisa,0%,0,0
planejamento de vendas como fazer,Correspondência de frase (variação aproximada),Nenhum,[Rodrigo][Search][Leads][Maio],00- recomendação google,0,1,0%,BRL,0,0,Pesquisa,0%,0,0
orbit erp,Correspondência de frase (variação aproximada),Nenhum,[Rodrigo][Search][Leads][Maio],01- Gestão,1,2,50%,BRL,"5,13","5,13",Pesquisa,0%,0,0
lemit dados,Correspondência de frase (variação aproximada),Nenhum,[Rodrigo][Search][Leads][Maio],00- recomendação google,0,1,0%,BRL,0,0,Pesquisa,0%,0,0
teamwork,Correspondência ampla,Nenhum,[Rodrigo][Search][Leads][Maio],01- Gestão,0,2,0%,BRL,0,0,Pesquisa,0%,0,0
situator,Correspondência de frase (variação aproximada),Nenhum,[Rodrigo][Search][Leads][Maio],01- Gestão,0,1,0%,BRL,0,0,Pesquisa,0%,0,0
controle de custo,Correspondência de frase (variação aproximada),Nenhum,[Rodrigo][Search][Leads][Maio],01- Gestão,0,1,0%,BRL,0,0,Pesquisa,0%,0,0
como gerenciar uma loja,Correspondência de frase (variação aproximada),Nenhum,[Rodrigo][Search][Leads][Maio],00- recomendação google,0,2,0%,BRL,0,0,Pesquisa,0%,0,0
análise pestel,Correspondência ampla,Nenhum,[Rodrigo][Search][Leads][Maio],00- recomendação google,0,1,0%,BRL,0,0,Pesquisa,0%,0,0
sistema marmoraria,Correspondência de frase (variação aproximada),Nenhum,[Rodrigo][Search][Leads][Maio],01- Gestão,0,1,0%,BRL,0,0,Pesquisa,0%,0,0
defina bi,Correspondência ampla,Nenhum,[Rodrigo][Search][Leads][Maio],00- recomendação google,0,2,0%,BRL,0,0,Pesquisa,0%,0,0
como precificar meus produtos,Correspondência ampla,Nenhum,[Rodrigo][Search][Leads][Maio],00- recomendação google,0,1,0%,BRL,0,0,Pesquisa,0%,0,0
simulador de negócios gratuito,Correspondência ampla,Nenhum,[Rodrigo][Search][Leads][Maio],01- Gestão,0,1,0%,BRL,0,0,Pesquisa,0%,0,0
ferramenta para modelagem de processos,Correspondência de frase (variação aproximada),Nenhum,[Rodrigo][Search][Leads][Maio],01- Gestão,0,1,0%,BRL,0,0,Pesquisa,0%,0,0
software planejamento estratégico,Correspondência exata,Adicionado,[Rodrigo][Search][Leads][Maio],00- recomendação google,1,4,25%,BRL,"6,99","6,99",Pesquisa,0%,0,0
otimiza ai,Correspondência ampla,Nenhum,[Rodrigo][Search][Leads][Maio],01- Gestão,0,1,0%,BRL,0,0,Pesquisa,0%,0,0
gestão de rotinas administrativas,Correspondência de frase,Nenhum,[Rodrigo][Search][Leads][Maio],01- Gestão,0,1,0%,BRL,0,0,Pesquisa,0%,0,0
elegis gestão estratégica,Correspondência de frase,Nenhum,[Rodrigo][Search][Leads][Maio],01- Gestão,0,1,0%,BRL,0,0,Pesquisa,0%,0,0
mapeamento de processos,Correspondência de frase (variação aproximada),Nenhum,[Rodrigo][Search][Leads][Maio],00- recomendação google,0,2,0%,BRL,0,0,Pesquisa,0%,0,0
como fazer um plano de negocio,Correspondência ampla,Nenhum,[Rodrigo][Search][Leads][Maio],00- recomendação google,0,1,0%,BRL,0,0,Pesquisa,0%,0,0
analise swot pessoal,Correspondência de frase,Nenhum,[Rodrigo][Search][Leads][Maio],01- Gestão,0,2,0%,BRL,0,0,Pesquisa,0%,0,0
databox,Correspondência ampla,Nenhum,[Rodrigo][Search][Leads][Maio],00- recomendação google,0,1,0%,BRL,0,0,Pesquisa,0%,0,0
squadbi,Correspondência ampla,Nenhum,[Rodrigo][Search][Leads][Maio],01- Gestão,0,3,0%,BRL,0,0,Pesquisa,0%,0,0
evoluto,Correspondência ampla,Nenhum,[Rodrigo][Search][Leads][Maio],00- recomendação google,0,2,0%,BRL,0,0,Pesquisa,0%,0,0
bisplan,Correspondência ampla,Nenhum,[Rodrigo][Search][Leads][Maio],01- Gestão,0,2,0%,BRL,0,0,Pesquisa,0%,0,0
planejamento executivo,Correspondência ampla,Nenhum,[Rodrigo][Search][Leads][Maio],00- recomendação google,0,1,0%,BRL,0,0,Pesquisa,0%,0,0
confi tarefas,Correspondência de frase (variação aproximada),Nenhum,[Rodrigo][Search][Leads][Maio],00- recomendação google,0,5,0%,BRL,0,0,Pesquisa,0%,0,0
como chamar mais clientes para sua loja,Correspondência de frase (variação aproximada),Nenhum,[Rodrigo][Search][Leads][Maio],01- Gestão,0,1,0%,BRL,0,0,Pesquisa,0%,0,0
planilha de planejamento estratégico,Correspondência de frase,Nenhum,[Rodrigo][Search][Leads][Maio],01- Gestão,0,1,0%,BRL,0,0,Pesquisa,0%,0,0
melhorias de processos,Correspondência ampla,Nenhum,[Rodrigo][Lead][Defesa da marca],Defesa da marca,0,1,0%,BRL,0,0,Pesquisa,0%,0,0
orbitgestao,Correspondência exata (variante aproximada),Nenhum,[Rodrigo][Lead][Defesa da marca],Defesa da marca,9,22,"40,91%",BRL,"4,93","44,33",Pesquisa,0%,0,0
sistema pdv frente de caixa gratuito,Correspondência de frase (variação aproximada),Nenhum,[Rodrigo][Search][Leads][Maio],01- Gestão,0,1,0%,BRL,0,0,Pesquisa,0%,0,0
programa de inventário patrimonial grátis,Correspondência de frase (variação aproximada),Nenhum,[Rodrigo][Search][Leads][Maio],01- Gestão,0,1,0%,BRL,0,0,Pesquisa,0%,0,0
conselhos para empreendedores,Correspondência ampla,Nenhum,[Rodrigo][Search][Leads][Maio],00- recomendação google,0,1,0%,BRL,0,0,Pesquisa,0%,0,0
sistema para empresa de onibus,Correspondência de frase (variação aproximada),Nenhum,[Rodrigo][Search][Leads][Maio],01- Gestão,0,2,0%,BRL,0,0,Pesquisa,0%,0,0
gerenciamento target pro,Correspondência de frase (variação aproximada),Nenhum,[Rodrigo][Search][Leads][Maio],01- Gestão,0,1,0%,BRL,0,0,Pesquisa,0%,0,0
otimizey,Correspondência de frase (variação aproximada),Nenhum,[Rodrigo][Search][Leads][Maio],00- recomendação google,0,1,0%,BRL,0,0,Pesquisa,0%,0,0
escala eficiente,Correspondência ampla,Nenhum,[Rodrigo][Search][Leads][Maio],01- Gestão,0,1,0%,BRL,0,0,Pesquisa,0%,0,0
rainbow nexa,Correspondência de frase (variação aproximada),Nenhum,[Rodrigo][Search][Leads][Maio],00- recomendação google,0,2,0%,BRL,0,0,Pesquisa,0%,0,0
como vender mais e melhor,Correspondência de frase (variação aproximada),Nenhum,[Rodrigo][Search][Leads][Maio],00- recomendação google,0,1,0%,BRL,0,0,Pesquisa,0%,0,0
evo3,Correspondência ampla,Nenhum,[Rodrigo][Search][Leads][Maio],00- recomendação google,0,1,0%,BRL,0,0,Pesquisa,0%,0,0
organograma de empresa,Correspondência de frase (variação aproximada),Nenhum,[Rodrigo][Search][Leads][Maio],01- Gestão,0,2,0%,BRL,0,0,Pesquisa,0%,0,0
tone from the top,Correspondência de frase (variação aproximada),Nenhum,[Rodrigo][Search][Leads][Maio],00- recomendação google,0,1,0%,BRL,0,0,Pesquisa,0%,0,0
omie g click,Correspondência de frase (variação aproximada),Nenhum,[Rodrigo][Search][Leads][Maio],01- Gestão,0,1,0%,BRL,0,0,Pesquisa,0%,0,0
visão de uma empresa exemplos,Correspondência ampla,Nenhum,[Rodrigo][Search][Leads][Maio],01- Gestão,0,1,0%,BRL,0,0,Pesquisa,0%,0,0
v task,Correspondência de frase (variação aproximada),Nenhum,[Rodrigo][Search][Leads][Maio],00- recomendação google,0,1,0%,BRL,0,0,Pesquisa,0%,0,0
kanban,Correspondência ampla,Nenhum,[Rodrigo][Search][Leads][Maio],01- Gestão,0,6,0%,BRL,0,0,Pesquisa,0%,0,0
análise pestel como fazer,Correspondência ampla,Nenhum,[Rodrigo][Search][Leads][Maio],00- recomendação google,0,1,0%,BRL,0,0,Pesquisa,0%,0,0
analise swot ambev,Correspondência de frase,Nenhum,[Rodrigo][Search][Leads][Maio],00- recomendação google,0,1,0%,BRL,0,0,Pesquisa,0%,0,0
time sheet,Correspondência ampla,Nenhum,[Rodrigo][Search][Leads][Maio],01- Gestão,0,1,0%,BRL,0,0,Pesquisa,0%,0,0
app para caixa de loja gratuito,Correspondência de frase (variação aproximada),Nenhum,[Rodrigo][Search][Leads][Maio],01- Gestão,0,1,0%,BRL,0,0,Pesquisa,0%,0,0
project stock,Correspondência ampla,Nenhum,[Rodrigo][Search][Leads][Maio],00- recomendação google,0,1,0%,BRL,0,0,Pesquisa,0%,0,0
zappfy,Correspondência ampla,Nenhum,[Rodrigo][Search][Leads][Maio],01- Gestão,0,1,0%,BRL,0,0,Pesquisa,0%,0,0
analise de empresa,Correspondência ampla,Nenhum,[Rodrigo][Search][Leads][Maio],00- recomendação google,0,2,0%,BRL,0,0,Pesquisa,0%,0,0
análise swot para preencher,Correspondência de frase,Nenhum,[Rodrigo][Search][Leads][Maio],00- recomendação google,0,1,0%,BRL,0,0,Pesquisa,0%,0,0
dapic system,Correspondência de frase (variação aproximada),Nenhum,[Rodrigo][Search][Leads][Maio],01- Gestão,0,2,0%,BRL,0,0,Pesquisa,0%,0,0
byprocess,Correspondência ampla,Nenhum,[Rodrigo][Search][Leads][Maio],01- Gestão,0,1,0%,BRL,0,0,Pesquisa,0%,0,0
como calcular cmo,Correspondência ampla,Nenhum,[Rodrigo][Search][Leads][Maio],00- recomendação google,0,1,0%,BRL,0,0,Pesquisa,0%,0,0
tareffa ottimizza,Correspondência de frase (variação aproximada),Nenhum,[Rodrigo][Search][Leads][Maio],01- Gestão,0,1,0%,BRL,0,0,Pesquisa,0%,0,0
won gestão,Correspondência de frase,Nenhum,[Rodrigo][Search][Leads][Maio],01- Gestão,0,3,0%,BRL,0,0,Pesquisa,0%,0,0
reportei,Correspondência de frase (variação aproximada),Nenhum,[Rodrigo][Search][Leads][Maio],01- Gestão,0,1,0%,BRL,0,0,Pesquisa,0%,0,0
planilha de lead time,Correspondência ampla,Nenhum,[Rodrigo][Search][Leads][Maio],00- recomendação google,0,1,0%,BRL,0,0,Pesquisa,0%,0,0
ferramentas de gestão de processos,Correspondência de frase,Nenhum,[Rodrigo][Search][Leads][Maio],01- Gestão,0,2,0%,BRL,0,0,Pesquisa,0%,0,0
o que e dashboard,Correspondência ampla,Nenhum,[Rodrigo][Search][Leads][Maio],01- Gestão,0,1,0%,BRL,0,0,Pesquisa,0%,0,0
sistema para almoxarifado gratuito,Correspondência de frase (variação aproximada),Nenhum,[Rodrigo][Search][Leads][Maio],01- Gestão,0,1,0%,BRL,0,0,Pesquisa,0%,0,0
mais gestao,Correspondência ampla,Nenhum,[Rodrigo][Search][Leads][Maio],01- Gestão,0,1,0%,BRL,0,0,Pesquisa,0%,0,0
otif,Correspondência ampla,Nenhum,[Rodrigo][Search][Leads][Maio],00- recomendação google,0,1,0%,BRL,0,0,Pesquisa,0%,0,0
pcm plataforma,Correspondência ampla,Nenhum,[Rodrigo][Search][Leads][Maio],00- recomendação google,0,1,0%,BRL,0,0,Pesquisa,0%,0,0
gestao 5.0,Correspondência de frase (variação aproximada),Nenhum,[Rodrigo][Search][Leads][Maio],01- Gestão,0,3,0%,BRL,0,0,Pesquisa,0%,0,0
grafico analise swot,Correspondência de frase,Nenhum,[Rodrigo][Search][Leads][Maio],01- Gestão,0,1,0%,BRL,0,0,Pesquisa,0%,0,0
imprenditore,Correspondência ampla,Nenhum,[Rodrigo][Search][Leads][Maio],00- recomendação google,0,1,0%,BRL,0,0,Pesquisa,0%,0,0
gerenciador de tarefas gratuito,Correspondência de frase (variação aproximada),Nenhum,[Rodrigo][Search][Leads][Maio],01- Gestão,0,1,0%,BRL,0,0,Pesquisa,0%,0,0
como aumentar o faturamento da minha empresa,Correspondência de frase (variação aproximada),Nenhum,[Rodrigo][Search][Leads][Maio],01- Gestão,0,1,0%,BRL,0,0,Pesquisa,0%,0,0
como fazer diagnostico de uma empresa,Correspondência de frase (variação aproximada),Nenhum,[Rodrigo][Search][Leads][Maio],01- Gestão,0,1,0%,BRL,0,0,Pesquisa,0%,0,0
software planejamento estratégico,Correspondência exata,Adicionado,[Rodrigo][Search][Leads][Maio],01- Gestão,1,10,10%,BRL,"21,4","21,4",Pesquisa,0%,0,0
otimização de vendas,Correspondência de frase (variação aproximada),Nenhum,[Rodrigo][Search][Leads][Maio],00- recomendação google,0,1,0%,BRL,0,0,Pesquisa,0%,0,0
taskfly,Correspondência de frase (variação aproximada),Nenhum,[Rodrigo][Search][Leads][Maio],01- Gestão,0,1,0%,BRL,0,0,Pesquisa,0%,0,0
tecsystem serra es,Correspondência de frase (variação aproximada),Nenhum,[Rodrigo][Search][Leads][Maio],01- Gestão,0,1,0%,BRL,0,0,Pesquisa,0%,0,0
iscam brasil,Correspondência ampla,Nenhum,[Rodrigo][Search][Leads][Maio],00- recomendação google,0,1,0%,BRL,0,0,Pesquisa,0%,0,0
matriz swot modelo,Correspondência de frase (variação aproximada),Nenhum,[Rodrigo][Search][Leads][Maio],00- recomendação google,0,1,0%,BRL,0,0,Pesquisa,0%,0,0
planilha de apontamento de produção,Correspondência de frase (variação aproximada),Nenhum,[Rodrigo][Search][Leads][Maio],00- recomendação google,0,1,0%,BRL,0,0,Pesquisa,0%,0,0
startups,Correspondência ampla,Nenhum,[Rodrigo][Search][Leads][Maio],01- Gestão,0,1,0%,BRL,0,0,Pesquisa,0%,0,0
orbit sistema,Correspondência exata (variante aproximada),Nenhum,[Rodrigo][Lead][Defesa da marca],Defesa da marca,0,1,0%,BRL,0,0,Pesquisa,0%,0,0
como criar uma empresa do zero,Correspondência ampla,Nenhum,[Rodrigo][Search][Leads][Maio],00- recomendação google,0,1,0%,BRL,0,0,Pesquisa,0%,0,0
mitralab,Correspondência ampla,Nenhum,[Rodrigo][Search][Leads][Maio],01- Gestão,0,1,0%,BRL,0,0,Pesquisa,0%,0,0
distribuição automática,Correspondência ampla,Nenhum,[Rodrigo][Search][Leads][Maio],01- Gestão,0,1,0%,BRL,0,0,Pesquisa,0%,0,0
software swot analysis example,Correspondência de frase (variação aproximada),Nenhum,[Rodrigo][Search][Leads][Maio],00- recomendação google,0,1,0%,BRL,0,0,Pesquisa,0%,0,0
www ersistemas com br,Correspondência de frase (variação aproximada),Nenhum,[Rodrigo][Search][Leads][Maio],01- Gestão,0,1,0%,BRL,0,0,Pesquisa,0%,0,0
bizmind,Correspondência ampla,Nenhum,[Rodrigo][Search][Leads][Maio],01- Gestão,0,1,0%,BRL,0,0,Pesquisa,0%,0,0
work monitor,Correspondência ampla,Nenhum,[Rodrigo][Search][Leads][Maio],00- recomendação google,0,1,0%,BRL,0,0,Pesquisa,0%,0,0
workflows,Correspondência ampla,Nenhum,[Rodrigo][Search][Leads][Maio],01- Gestão,0,1,0%,BRL,0,0,Pesquisa,0%,0,0
análise swot online grátis,Correspondência de frase,Nenhum,[Rodrigo][Search][Leads][Maio],00- recomendação google,0,2,0%,BRL,0,0,Pesquisa,0%,0,0
monday,Correspondência ampla,Nenhum,[Rodrigo][Search][Leads][Maio],00- recomendação google,0,3,0%,BRL,0,0,Pesquisa,0%,0,0
sgp demo,Correspondência de frase (variação aproximada),Nenhum,[Rodrigo][Search][Leads][Maio],01- Gestão,0,1,0%,BRL,0,0,Pesquisa,0%,0,0
bisagem,Correspondência de frase (variação aproximada),Nenhum,[Rodrigo][Search][Leads][Maio],01- Gestão,0,1,0%,BRL,0,0,Pesquisa,0%,0,0
analise swot preencher,Correspondência de frase,Nenhum,[Rodrigo][Search][Leads][Maio],00- recomendação google,0,2,0%,BRL,0,0,Pesquisa,0%,0,0
como calcular a meta de vendas,Correspondência ampla,Nenhum,[Rodrigo][Search][Leads][Maio],01- Gestão,0,1,0%,BRL,0,0,Pesquisa,0%,0,0
matriz swot como fazer,Correspondência de frase,Nenhum,[Rodrigo][Search][Leads][Maio],00- recomendação google,0,1,0%,BRL,0,0,Pesquisa,0%,0,0
networking estratégico,Correspondência de frase (variação aproximada),Nenhum,[Rodrigo][Search][Leads][Maio],01- Gestão,0,1,0%,BRL,0,0,Pesquisa,0%,0,0
análise swot pessoal,Correspondência de frase,Nenhum,[Rodrigo][Search][Leads][Maio],00- recomendação google,0,2,0%,BRL,0,0,Pesquisa,0%,0,0
viabilidade do negocio,Correspondência ampla,Nenhum,[Rodrigo][Search][Leads][Maio],00- recomendação google,0,1,0%,BRL,0,0,Pesquisa,0%,0,0
visão de uma empresa,Correspondência ampla,Nenhum,[Rodrigo][Search][Leads][Maio],01- Gestão,0,1,0%,BRL,0,0,Pesquisa,0%,0,0
gestão de processos,Correspondência exata,Adicionado,[Rodrigo][Search][Leads][Maio],01- Gestão,0,11,0%,BRL,0,0,Pesquisa,0%,0,0
app plano de negócios,Correspondência ampla,Nenhum,[Rodrigo][Search][Leads][Maio],01- Gestão,0,1,0%,BRL,0,0,Pesquisa,0%,0,0
no topo,Correspondência de frase (variação aproximada),Nenhum,[Rodrigo][Search][Leads][Maio],00- recomendação google,0,1,0%,BRL,0,0,Pesquisa,0%,0,0
sistema para oficinas,Correspondência de frase (variação aproximada),Nenhum,[Rodrigo][Search][Leads][Maio],00- recomendação google,0,1,0%,BRL,0,0,Pesquisa,0%,0,0
ferramenta swot,Correspondência exata (variante aproximada),Nenhum,[Rodrigo][Search][Leads][Maio],01- Gestão,0,2,0%,BRL,0,0,Pesquisa,0%,0,0
Total: Termos de pesquisa,,,,,172,1883,"9,13%",BRL,"4,24","729,26",,"3,49%",6,"121,54"
Total: Outros termos de pesquisa,,,,,143,2428,"5,89%",BRL,"6,76","966,21",,0%,0,0
Total: Conta,,,,,315,4311,"7,31%",BRL,"5,38","1695,47",,"1,9%",6,"282,58"
Total: Pesquisa,,,,,315,4311,"7,31%",BRL,"5,38","1695,47",Pesquisa,"1,9%",6,"282,58"